0.013418662,0.01335236,0.011834316,0.01297444,0.003374869,0.011097294,down
0.015014453,0.014486041,0.013769418,0.013404725,0.001861674,0.012363669,down
0.015802301,0.015145565,0.015460186,0.014981751,0.001176412,0.012986422,down
0.016256254,0.015535783,0.016258236,0.015782617,7.94E-04,0.01334344,down
0.016433507,0.015829571,0.016672334,0.016222682,9.80E-04,0.013479781,down
0.015849191,0.015809585,0.016284151,0.016393561,0.001336077,0.013010734,up
0.015892473,0.015521294,0.016220687,0.015803205,0.001243385,0.013041192,down
0.017053892,0.016311223,0.016331219,0.015891218,8.71E-04,0.013960354,down
0.017264638,0.016591021,0.017549714,0.017041047,5.11E-04,0.014123495,down
0.017670155,0.017006721,0.017689333,0.017293763,7.80E-04,0.01444151,down
0.018274567,0.017435412,0.018189636,0.017661255,0.001004972,0.014915721,down
0.018923292,0.018064457,0.018806287,0.018259846,0.001164939,0.015425799,down
0.017188893,0.018336761,0.017487838,0.018907847,0.001772028,0.014044629,up
0.017034827,0.01660601,0.017537022,0.017176412,8.92E-04,0.01391714,up
0.01749754,0.016881312,0.017328122,0.017005019,9.95E-04,0.01427926,down
0.016806562,0.01742442,0.017153598,0.017523832,0.001426534,0.013725938,up
0.018323002,0.017650756,0.016870657,0.016798111,0.001470837,0.014922421,down
0.020011027,0.019101209,0.018381612,0.018323668,0.001326676,0.01625377,down
0.02047477,0.019666301,0.020461093,0.020016501,7.63E-04,0.016614599,down
0.020938513,0.020039531,0.021133274,0.02046583,5.85E-04,0.016975521,down
0.021087941,0.020188424,0.021603432,0.020945011,5.24E-04,0.017088164,down
0.021158018,0.02024988,0.021714492,0.021074715,4.30E-04,0.017137494,down
0.021089487,0.020363298,0.021660549,0.021131846,5.34E-04,0.017076823,up
0.02118172,0.020238888,0.021550017,0.021067509,5.28E-04,0.017144102,down
0.021183781,0.020374789,0.021634634,0.021170448,5.87E-04,0.017139215,up
0.02097046,0.020630605,0.021662664,0.021150375,8.36E-04,0.016965163,up
0.020939543,0.020126469,0.021273423,0.02093935,7.80E-04,0.016935288,up
0.021296625,0.02074852,0.021326838,0.02090538,0.001148591,0.017212088,down
0.021467695,0.020660583,0.022040271,0.021300666,2.57E-04,0.017341329,down
0.021375462,0.020687064,0.022078349,0.021431913,3.25E-04,0.01726194,up
0.021701628,0.02078899,0.022004837,0.021355224,5.22E-04,0.01751366,down
0.021083819,0.020953372,0.021765792,0.021680511,9.74E-04,0.017020578,up
0.021042082,0.020342812,0.021719252,0.021059274,4.40E-04,0.016981452,up
0.020918933,0.020406766,0.021513525,0.021051039,8.59E-04,0.016878797,up
0.021089487,0.020522683,0.021491842,0.020919791,7.37E-04,0.017008346,down
0.02238333,0.021500477,0.021645212,0.021068024,0.001752429,0.018021095,down
0.022676519,0.021721817,0.023064145,0.022431452,2.75E-04,0.018244815,down
0.022668274,0.021840731,0.023179437,0.022651226,6.19E-04,0.018231476,up
0.022794515,0.02206407,0.023341268,0.022614683,7.13E-04,0.018324419,down
0.022862016,0.022291406,0.023554928,0.022786591,8.30E-04,0.018370583,down
0.02236478,0.021890695,0.023111742,0.022808209,8.55E-04,0.017972964,up
0.022657454,0.021667356,0.02293669,0.02234138,6.50E-04,0.018197699,down
0.022145791,0.021900688,0.022837264,0.022639389,6.96E-04,0.017789568,up
0.022923848,0.021971137,0.022560141,0.02211337,9.36E-04,0.018395171,down
0.023139746,0.022329878,0.023044577,0.022935338,0.001413961,0.018558436,down
0.022772359,0.022850502,0.023530071,0.023100041,0.001954287,0.018263226,up
0.021464604,0.022169993,0.021259143,0.022829311,0.001831936,0.017229976,up
0.020249082,0.020542668,0.020626097,0.02145353,0.001491925,0.016268861,up
0.021796437,0.021225175,0.020007859,0.02022907,0.002010483,0.017475795,down
0.023220129,0.022265424,0.022111667,0.021790656,9.00E-04,0.018586282,down
0.022122088,0.022329878,0.022329029,0.023227171,8.38E-04,0.017718724,up
0.022807912,0.022164997,0.022339077,0.022058812,9.54E-04,0.018250133,down
0.024613419,0.023566985,0.022910247,0.022519979,0.00138208,0.01965792,down
0.025860372,0.024905518,0.0247052,0.024614274,9.61E-04,0.020628531,down
0.026176233,0.025101377,0.026499624,0.025797044,4.66E-04,0.020868511,down
0.026937286,0.025828852,0.026893625,0.026143434,4.99E-04,0.021456226,down
0.026828565,0.025976245,0.027628213,0.026899522,1.97E-04,0.021363129,up
0.026998604,0.025876817,0.027611818,0.026812538,2.12E-04,0.02148776,down
0.026813622,0.026159113,0.027673166,0.026977755,3.45E-04,0.021335744,up
0.026595662,0.025808366,0.027422486,0.026786803,3.47E-04,0.021158096,up
0.026662648,0.025627997,0.027372244,0.026569602,4.88E-04,0.02120343,down
0.02682032,0.025746911,0.027425131,0.026610263,3.33E-04,0.021320469,down
0.026677075,0.025850836,0.027406092,0.026782171,2.94E-04,0.021202846,up
0.026814137,0.025710937,0.02729556,0.02667357,2.96E-04,0.02130295,down
0.027123814,0.025998729,0.027533547,0.026810479,2.31E-04,0.021537151,down
0.026675529,0.02614912,0.027400274,0.027098194,6.44E-04,0.021180256,up
0.025705276,0.025565542,0.026389092,0.026651439,8.23E-04,0.020416091,up
0.0266003,0.025509582,0.026409718,0.025676091,5.05E-04,0.021106891,down
0.026642037,0.025672464,0.027298204,0.02657372,3.53E-04,0.021132739,down
0.027084654,0.025981741,0.026953387,0.02662313,6.90E-04,0.021470825,down
0.02716349,0.026200084,0.027918558,0.027043122,2.06E-04,0.021525502,down
0.027465954,0.02635747,0.027946587,0.027144002,3.31E-04,0.021755031,down
0.027464408,0.02660629,0.028119525,0.027415761,3.95E-04,0.021746272,down
0.028391379,0.027273808,0.028031734,0.027448702,7.58E-04,0.022461261,down
0.028474852,0.027473664,0.029233305,0.028358683,3.44E-04,0.022519565,down
0.028534108,0.027467169,0.029374511,0.028468828,2.83E-04,0.022558906,down
0.028620674,0.027456676,0.029276672,0.028502798,3.29E-04,0.022618716,down
0.028858213,0.027680015,0.029470235,0.028589781,1.22E-04,0.022796027,down
0.028889645,0.027710493,0.029567016,0.028827056,1.83E-04,0.022811794,down
0.028539261,0.027712492,0.029348597,0.028840952,4.74E-04,0.022531244,up
0.028238859,0.027566597,0.028710262,0.028548091,5.76E-04,0.022289606,up
0.028520711,0.027406712,0.029076763,0.028224347,4.33E-04,0.022501892,down
0.028417142,0.027509138,0.029304173,0.028470887,3.36E-04,0.02241356,up
0.028755159,0.027619059,0.029182006,0.028354051,4.13E-04,0.022669798,down
0.029149856,0.027988292,0.029583411,0.028723602,3.54E-04,0.022968235,down
0.029029283,0.028084723,0.029692885,0.029094697,4.39E-04,0.022867209,up
0.028245042,0.027856388,0.029100032,0.029006684,5.71E-04,0.022251371,up
0.028666017,0.027558103,0.028919162,0.028222289,5.46E-04,0.022570493,down
0.028686113,0.027602071,0.029461244,0.028621178,2.92E-04,0.0225783,down
0.028549566,0.027587082,0.029371867,0.028637133,3.00E-04,0.022465256,up
0.029213749,0.028109705,0.029165611,0.02859956,6.27E-04,0.022972753,down
0.029023615,0.028184151,0.029913949,0.029202783,3.03E-04,0.022818525,up
0.028929836,0.027912847,0.029746829,0.028978891,2.62E-04,0.022738491,up
0.029687283,0.028672798,0.02982087,0.028939259,8.13E-04,0.023316555,down
0.030002628,0.028789714,0.030450214,0.029684023,6.75E-04,0.023553829,down
0.02950127,0.029085001,0.030293671,0.029978429,9.61E-04,0.023159007,up
0.029519305,0.029143958,0.030387279,0.029460131,0.001492928,0.023166568,down
0.027521603,0.028508917,0.028259673,0.029408147,0.001827523,0.02161531,up
0.027197498,0.026456898,0.028062937,0.027499656,2.53E-04,0.021357566,up
0.027339197,0.026476384,0.028050244,0.027182089,4.42E-04,0.021460344,down
0.026423047,0.026259041,0.027201951,0.027218633,7.53E-04,0.02074179,up
0.025641898,0.025335208,0.026400727,0.026388944,4.95E-04,0.020130993,up
0.026449326,0.025433637,0.026448325,0.025627195,7.48E-04,0.020746154,down
0.027075894,0.026101655,0.027333109,0.026451737,4.73E-04,0.021221287,down
0.0274979,0.02641343,0.027543595,0.027049813,4.70E-04,0.021538811,down
0.027175341,0.026552829,0.027982021,0.027476495,3.36E-04,0.021281866,up
0.027060951,0.026226065,0.027617636,0.027101797,2.68E-04,0.021184958,up
0.027252632,0.026240554,0.027618694,0.027058563,6.41E-04,0.021324311,down
0.027802425,0.026864604,0.028108419,0.027260323,4.17E-04,0.021740094,down
0.027890021,0.027046472,0.028498718,0.027769357,6.29E-04,0.021800028,down
0.02695326,0.026797152,0.027758313,0.027918618,6.60E-04,0.021070255,up
0.027007878,0.026688731,0.027582202,0.026957682,0.001083129,0.021103879,down
0.026146347,0.0259003,0.025880328,0.026996284,8.69E-04,0.020432473,up
0.027425247,0.026316499,0.025612196,0.026194389,0.001494392,0.021407941,down
0.026649766,0.027009499,0.027509748,0.027367894,0.00137775,0.020804274,up
0.02910915,0.028157171,0.026852374,0.026687982,0.002011951,0.022686548,down
0.030127323,0.029102988,0.029987461,0.029059183,9.36E-04,0.023461655,down
0.029965013,0.029231895,0.030728395,0.030095265,6.32E-04,0.023328787,up
0.030253564,0.029135964,0.030613632,0.029889902,6.80E-04,0.023542457,down
0.030220072,0.029194921,0.031093837,0.030249159,2.41E-04,0.023510063,up
0.030144327,0.029097991,0.030641133,0.03018894,5.45E-04,0.023444044,up
0.030441123,0.029319331,0.031031961,0.030123573,6.64E-04,0.023664783,down
0.029502816,0.029427254,0.030386222,0.030409744,0.001122721,0.022937469,up
0.03082706,0.029678572,0.029540045,0.029501307,0.001462942,0.023943826,down
0.030506562,0.029955872,0.030951574,0.030839514,0.001585527,0.02368894,up
0.028913862,0.029525682,0.029257633,0.030479742,0.001786739,0.022459232,up
0.028607277,0.029825966,0.029318981,0.028915583,0.001778723,0.022215872,up
0.028195061,0.027488154,0.02850242,0.028578458,5.14E-04,0.021893001,up
0.025747013,0.027175379,0.026582127,0.028148687,0.001221894,0.020011526,up
0.026166958,0.025108871,0.026235194,0.025721899,6.65E-04,0.020326806,down
0.025939208,0.025184817,0.02636688,0.026178948,6.89E-04,0.020145315,up
0.026489517,0.025729423,0.025856001,0.025879396,0.001475548,0.020559777,down
0.025912414,0.025672964,0.026432459,0.026506294,0.001136921,0.020111814,up
0.023533928,0.025077894,0.024311727,0.02589741,0.001852185,0.018286922,up
0.023318545,0.022514245,0.023838397,0.02350665,3.63E-04,0.018116282,up
0.023559176,0.023353139,0.024039364,0.02325342,0.001345617,0.018293192,down
0.021824262,0.022523738,0.022458599,0.023477827,0.001268085,0.016961844,up
0.021502218,0.020975356,0.022104263,0.021789112,4.94E-04,0.016709478,up
0.019467417,0.020828961,0.020122093,0.021477721,0.001571843,0.015150229,up
0.019455566,0.018636544,0.019968194,0.019442616,1.42E-04,0.015135476,up
0.019590566,0.018746965,0.020057043,0.019446733,0,0.015232722,down
0.019560681,0.018857385,0.020190316,0.019582613,3.69E-06,0.0152038,up
0.019523066,0.018791433,0.020066562,0.019539379,1.52E-04,0.015168916,up
0.019355603,0.018748464,0.019996224,0.019497688,1.89E-04,0.015035434,up
0.019172682,0.018591577,0.019830691,0.019328868,2.78E-04,0.014891287,up
0.019221118,0.018357746,0.019644003,0.019159019,2.02E-04,0.014922636,down
0.019054686,0.018371736,0.019499095,0.01919968,1.90E-04,0.014790506,up
0.019859537,0.019025264,0.019455199,0.019067403,3.94E-04,0.015397492,down
0.019681254,0.019046748,0.020252193,0.019867239,1.60E-04,0.015255558,up
0.019151556,0.018892859,0.019811652,0.019611436,3.14E-04,0.01484709,up
0.019074266,0.018678514,0.019705879,0.019133284,2.76E-04,0.014782731,up
0.018593004,0.018565096,0.019193413,0.0190638,6.49E-04,0.01441182,up
0.018800142,0.018660527,0.018918406,0.01855631,4.05E-04,0.014562883,down
0.018873311,0.018307282,0.019149518,0.018788953,3.00E-04,0.014614149,down
0.019066022,0.018247325,0.019278031,0.018939244,1.16E-04,0.014755192,down
0.019626635,0.018728478,0.019311349,0.019009242,2.93E-04,0.015176047,down
0.02003679,0.01915467,0.01998406,0.019607318,3.16E-04,0.015481645,down
0.019535433,0.019288574,0.020207768,0.020038633,4.20E-04,0.015095244,up
0.019497303,0.018813417,0.019629723,0.019517761,5.20E-04,0.015061466,up
0.019141251,0.018840397,0.019549337,0.019495629,5.68E-04,0.014785927,up
0.018664111,0.018635045,0.018902011,0.01913946,8.82E-04,0.014419012,up
0.020030607,0.01922462,0.019613329,0.018938729,3.39E-04,0.015448267,down
0.020260417,0.019484932,0.020285511,0.020081867,3.93E-04,0.015616695,down
0.022238539,0.021271642,0.019960261,0.020228556,0.001845733,0.017107036,down
0.021760884,0.021279636,0.022075704,0.022236382,4.26E-04,0.016740152,up
0.021634127,0.020919396,0.022227487,0.021764921,2.92E-04,0.016637804,up
0.021999454,0.021417537,0.022320567,0.021590954,3.70E-04,0.016908518,down
0.022117451,0.021784771,0.022617787,0.02199499,5.17E-04,0.01699095,down
0.022324074,0.021799761,0.022492975,0.022118517,3.88E-04,0.017140353,down
0.02118172,0.021434524,0.021420446,0.022292999,7.02E-04,0.016271381,up
0.022017488,0.021186703,0.021535737,0.021164786,6.79E-04,0.016896409,down
0.023731792,0.022931443,0.022177246,0.022004769,0.001307476,0.018184052,down
0.023376771,0.023374124,0.023124435,0.023622457,0.002249441,0.017909927,up
0.020088833,0.022205967,0.020520325,0.023015116,0.001959186,0.015422265,up
0.017845347,0.019745244,0.018078575,0.020091647,0.002008234,0.013723479,up
0.018186971,0.017629272,0.017437596,0.017789414,8.24E-04,0.013975137,down
0.0181576,0.018239331,0.018523876,0.018152789,6.87E-04,0.013947721,up
0.015211286,0.017747686,0.015111666,0.01814404,0.002504609,0.011722783,up
0.019258733,0.018427196,0.015506196,0.015273584,0.002223776,0.014766379,down
0.019821407,0.01904475,0.019906318,0.019265046,4.34E-04,0.01518456,down
0.019534402,0.019129189,0.020127381,0.01979827,3.38E-04,0.014964098,up
0.020248566,0.019386003,0.020075024,0.019609377,5.35E-04,0.015496306,down
0.020348013,0.019573868,0.02049018,0.02017966,3.10E-04,0.01556549,down
0.019486482,0.019436467,0.020026369,0.020252232,4.42E-04,0.01491151,up
0.019433924,0.018990789,0.01922726,0.0195121,8.42E-04,0.014865684,up
0.018958845,0.018736472,0.018476278,0.01936747,0.001590217,0.014501689,up
0.021159048,0.021009331,0.019342552,0.018977331,0.001962819,0.016147304,down
0.020018241,0.021023821,0.020703311,0.021099935,0.001377125,0.015284603,up
0.020291334,0.020408265,0.019982474,0.019999516,0.001065363,0.015483243,down
0.021840751,0.020875428,0.020025311,0.020167822,0.001682205,0.016640878,down
0.022322013,0.021499477,0.022434272,0.02175823,3.48E-04,0.016995345,down
0.021055994,0.022556714,0.021561652,0.021989843,0.002347947,0.016039363,up
0.026369459,0.025281747,0.021456408,0.020732442,0.002490455,0.02001546,down
0.026535376,0.025754905,0.026730208,0.026372988,5.68E-04,0.020132868,down
0.026615243,0.025525571,0.02681747,0.026532029,4.68E-04,0.020185394,down
0.025454855,0.02558153,0.025715324,0.02650578,8.33E-04,0.019308124,up
0.025622317,0.024766119,0.026197116,0.025366244,2.70E-04,0.019424456,down
0.025901594,0.024881536,0.025853885,0.025560284,6.08E-04,0.019625894,down
0.026783221,0.02648238,0.0262463,0.025892263,0.001491577,0.020277292,down
0.02788899,0.026740194,0.027604414,0.026781656,7.43E-04,0.021095458,down
0.028102827,0.027352252,0.028747282,0.027868693,4.77E-04,0.021247719,down
0.028511952,0.027371738,0.028466986,0.028122952,8.87E-04,0.021546955,down
0.028979817,0.027885866,0.029157678,0.028511033,4.95E-04,0.021888821,down
0.029267338,0.028127692,0.029752647,0.028960876,1.01E-04,0.022095237,down
0.02889995,0.028208633,0.029709809,0.029218739,6.23E-05,0.021812967,up
0.029351842,0.028228119,0.029705049,0.028841982,3.80E-04,0.022143737,down
0.02911894,0.028461451,0.029897554,0.029322707,3.68E-04,0.021962032,up
0.029030829,0.028652813,0.029826687,0.029011831,6.61E-04,0.021887469,up
0.028826782,0.028172659,0.029262393,0.029115285,3.72E-04,0.021727186,up
0.029258578,0.028489431,0.029060368,0.028789998,7.46E-04,0.02204182,down
0.028227007,0.02844896,0.028919162,0.029261973,5.26E-04,0.021264501,up
0.028914893,0.028008778,0.028501891,0.028257803,6.63E-04,0.021768862,down
0.030700303,0.029517688,0.029130706,0.028859996,0.001312732,0.02309013,down
0.030711124,0.029739028,0.030899217,0.030646504,5.54E-04,0.023089362,down
0.030799751,0.029964366,0.030713586,0.030731428,8.22E-04,0.023147328,down
0.030902805,0.031060574,0.031210716,0.030796795,0.002201807,0.023216297,down
0.025457431,0.031394833,0.026178077,0.030847235,0.003909678,0.019159613,up
0.025698062,0.02477811,0.025794653,0.025290069,2.14E-04,0.019332436,down
0.02480613,0.024923006,0.025055306,0.025589622,6.63E-04,0.018663334,up
0.026340604,0.025460617,0.025366276,0.024748095,0.0010579,0.019795612,down
0.026441081,0.02595576,0.026500682,0.026266961,9.52E-04,0.019861908,down
0.024142462,0.026442908,0.02470044,0.026468722,0.00259186,0.018147263,up
0.024307348,0.02332416,0.018768209,0.024205092,0.005178956,0.01826298,down
0.027697825,0.026633271,0.025024103,0.024596775,0.00230875,0.020770189,down
0.027719982,0.028247106,0.028250153,0.027659212,0.00119878,0.020778826,down
0.026059266,0.026976523,0.026075478,0.027638624,0.001191212,0.019539313,up
0.025164758,0.02540166,0.02458885,0.026029687,0.001864678,0.018869689,up
0.02857636,0.027638545,0.025946436,0.025102206,0.001847768,0.0213895,down
0.028724758,0.027840399,0.029254989,0.028545003,4.63E-04,0.021489788,down
0.028786075,0.028539395,0.02892921,0.028728749,7.20E-04,0.021527346,down
0.028119831,0.029098491,0.028652616,0.028711764,0.001220342,0.021026827,up
0.030029937,0.029505697,0.027428833,0.028215598,0.001560693,0.022430679,down
0.030524596,0.029342814,0.030002798,0.029980488,0.001000559,0.022787052,down
0.027446889,0.030835737,0.025147856,0.030550256,0.004180216,0.020502364,up
0.030018601,0.029150453,0.028367031,0.02762936,0.001498876,0.022394443,down
0.031116126,0.029895416,0.030542236,0.030021664,9.44E-04,0.023196227,down
0.031689107,0.031871988,0.030204822,0.031074215,0.002931758,0.023610843,down
0.031576778,0.031434804,0.025648158,0.031530236,0.004610285,0.023519744,down
0.031068722,0.031862495,0.031187975,0.031626484,0.001529218,0.023137585,up
0.032517146,0.032339651,0.03153808,0.031164287,0.001505357,0.024196683,down
0.036826349,0.035406437,0.031140377,0.033144835,0.004647411,0.027366263,down
0.038495308,0.037235616,0.037287854,0.036703953,0.001982162,0.028585552,down
0.039235751,0.038110484,0.039473107,0.038266568,8.20E-04,0.029120956,down
0.038916799,0.038252881,0.039950668,0.039092654,5.77E-04,0.028874768,up
0.038932773,0.037568875,0.039225071,0.038880085,4.65E-04,0.028875076,down
0.039387241,0.038480217,0.039936389,0.038959348,3.54E-04,0.029198101,down
0.03916619,0.0389199,0.040276975,0.039330443,7.05E-04,0.029023218,up
0.038641645,0.037838181,0.039509598,0.039193534,5.98E-04,0.028625507,up
0.039032735,0.03776973,0.038793521,0.038633031,0.001135176,0.028902122,down
0.038205211,0.038088,0.039364161,0.038991774,6.35E-04,0.028284195,up
0.036353331,0.037869658,0.037096935,0.03829745,0.001762631,0.02691372,up
0.042051187,0.040892476,0.03657495,0.036181022,0.001945452,0.031088919,down
0.040457972,0.041093331,0.041215703,0.042042888,0.001231916,0.029908694,up
0.037498261,0.039316114,0.038470916,0.040412847,9.00E-04,0.027725033,up
0.038847753,0.037366521,0.037974844,0.03750276,0.001344665,0.028703882,down
0.04003442,0.03882247,0.039864992,0.038787954,5.35E-04,0.029563233,down
0.041155132,0.0397508,0.040819057,0.040000062,6.54E-04,0.030372793,down
0.041280858,0.040302901,0.041801152,0.040942984,6.77E-04,0.030453626,down
0.041370515,0.040562214,0.041692206,0.041266727,0.001040139,0.030506183,down
0.039735563,0.039791271,0.040193415,0.041305844,9.02E-04,0.029297375,up
0.038520041,0.038318834,0.039693113,0.039712347,6.37E-04,0.028395917,up
0.039469169,0.038389783,0.038717894,0.03840708,0.001517485,0.029081308,down
0.040798565,0.039551444,0.040727564,0.039487425,6.83E-04,0.030042084,down
0.039398577,0.039883704,0.040475298,0.04078806,0.001059205,0.029006007,up
0.039916423,0.039028322,0.04020029,0.039365957,7.54E-04,0.029374212,down
0.040793413,0.03930812,0.039163194,0.039774111,0.001792222,0.03000428,down
0.043854632,0.042667194,0.041549414,0.04090747,0.001542311,0.032227344,down
0.0411608,0.042315448,0.042107362,0.043518519,0.001757542,0.030245243,up
0.040097798,0.039802762,0.040038459,0.041178199,0.001217339,0.029456582,up
0.039828827,0.039461509,0.039062182,0.040065428,0.002397041,0.029246969,up
0.037485379,0.039777281,0.037583487,0.039852344,0.002991763,0.027524886,up
0.045240193,0.044526852,0.038949006,0.037756505,0.003291121,0.03316968,down
0.044702251,0.047093998,0.04443382,0.04554333,0.003469575,0.032674846,up
0.040708909,0.043860333,0.041726582,0.044526292,0.002938189,0.029771309,up
0.038891036,0.039219184,0.038931553,0.040716518,0.001474415,0.028449396,up
0.037838854,0.037952099,0.038267833,0.038617075,0.001466239,0.027684339,up
0.036323445,0.037260598,0.037109099,0.037776578,0.00149474,0.026582489,up
0.035371742,0.03501422,0.036461774,0.036181537,8.24E-04,0.02589049,up
0.035647411,0.034276253,0.035573288,0.035286482,7.57E-04,0.026090913,down
0.034669944,0.034577035,0.035682762,0.035395597,7.49E-04,0.025380196,up
0.033984635,0.033678184,0.034318301,0.034825315,6.78E-04,0.024874913,up
0.034496298,0.03360074,0.033837567,0.03393901,0.001243725,0.025238354,down
0.035799931,0.035122142,0.034273877,0.034311649,0.001845993,0.026174912,down
0.031711779,0.035134133,0.032705276,0.035696694,0.039900127,0.023195766,up
0.030803357,0.030385062,0.030882822,0.03159097,0.039900127,0.022527771,up
0.031115096,0.030469501,0.030683441,0.030735031,0.039900127,0.022745375,down
0.028059545,0.030295627,0.028849881,0.031138038,0.039900127,0.020519975,up
0.02747832,0.029587638,0.027506575,0.028243906,0.039900127,0.020090515,up
0.028411989,0.028964588,0.027164402,0.027650977,0.039900127,0.020759924,down
0.032241476,0.032706386,0.028019041,0.028662868,0.039900127,0.023526475,down
0.023216006,0.031610677,0.023130253,0.032092798,0.039900127,0.01697715,up
0.031416014,0.030216184,0.018773498,0.023381064,0.039900127,0.02290615,down
0.032867529,0.03398896,0.029899141,0.031586337,0.039900127,0.02394607,down
0.041831167,0.040355363,0.031875493,0.032813886,0.039900127,0.03041951,down
0.041571471,0.040550722,0.040165385,0.041571427,0.039900127,0.030219733,up
0.042836974,0.041474555,0.041929665,0.041390254,0.039900127,0.031121191,down
0.041555497,0.043330216,0.042019042,0.042418615,0.039900127,0.030183158,up
0.041957408,0.041339153,0.041220462,0.041424224,0.039900127,0.030462539,down
0.047434213,0.046317559,0.040653524,0.041692895,0.039900127,0.03440615,down
0.042448975,0.046100216,0.043725676,0.047356087,0.039900127,0.030793248,up
0.037372535,0.042337932,0.03783311,0.042450012,0.039900127,0.0271182,up
0.032400695,0.03637124,0.032014584,0.037440997,0.039900127,0.023520297,up
0.039511936,0.038975859,0.030393097,0.032415511,0.039900127,0.028636879,down
0.050181117,0.048356087,0.040400728,0.039169344,0.039900127,0.036312336,down
0.055867122,0.053951047,0.043979,0.050269263,0.039900127,0.040395176,down
0.051994868,0.054038984,0.053130935,0.055728121,0.039900127,0.03759122,up
0.050388256,0.051035153,0.050013301,0.051976507,0.039900127,0.036418064,up
0.045494221,0.049007617,0.046163195,0.050177647,0.039900127,0.032883537,up
0.054640264,0.052887815,0.038939486,0.045675092,0.039900127,0.039448538,down
0.054663451,0.054039983,0.055058632,0.054609174,0.039900127,0.039449767,up
0.050162052,0.053581814,0.049454295,0.054739906,0.039900127,0.036199231,up
0.048171564,0.050113818,0.047419768,0.049591924,0.039900127,0.034754378,up
0.044073622,0.046336545,0.043691829,0.048048353,0.039900127,0.031797361,up
0.037987252,0.042668194,0.038885542,0.044246813,0.039900127,0.027415961,up
0.036301804,0.036779445,0.036433215,0.037607758,0.039900127,0.026195504,up
0.037466829,0.036613565,0.034764131,0.036328225,0.039900127,0.027021416,down
0.036233788,0.038492708,0.037346558,0.037541362,0.039900127,0.026126596,up
0.033779557,0.035289021,0.031869147,0.036183596,0.039900127,0.024356628,up
0.027093929,0.032918233,0.027064976,0.033661074,0.039900127,0.019556002,up
0.026251977,0.026235558,0.020251135,0.026887684,0.039900127,0.018945205,up
0.033196787,0.03655111,0.02067105,0.026567543,0.039900127,0.023912753,down
0.022057679,0.031438302,0.022709808,0.032689844,0.039900127,0.015927641,up
0.019191747,0.021285632,0.01981694,0.021806611,0.039900127,0.013869101,up
0.017971588,0.018771447,0.018512241,0.019135857,0.039900127,0.012989465,up
0.018081341,0.018153393,0.017483078,0.017989631,0.039900127,0.013062645,down
0.017411489,0.017554326,0.017434423,0.018105437,0.039900127,0.012577831,up
0.015070102,0.016962253,0.015562784,0.017445083,0.039900127,0.010899084,up
0.014147254,0.014402102,0.014663721,0.015023956,0.039900127,0.010234163,up
0.013237802,0.013825518,0.013023195,0.014103167,0.039900127,0.009579722,up
0.014444049,0.013797039,0.01119651,0.013288919,0.039900127,0.010436614,down
0.013916413,0.014802313,0.013442582,0.013931773,0.039900127,0.010056084,up
0.011817718,0.013195473,0.012237837,0.013880303,0.039900127,0.008555201,up
0.009953986,0.011472217,0.010366728,0.011734024,0.039900127,0.00722253,up
0.00908318,0.009415202,0.009479828,0.009988692,0.039900127,0.006598333,up
0.008280905,0.008798647,0.008498263,0.009100328,0.039900127,0.006023219,up
0.007531187,0.007816856,0.007848822,0.00826961,0.039900127,0.005485633,up
0.007084448,0.007019432,0.007322606,0.007546463,0.039900127,0.005164298,up
0.007075173,0.006655195,0.007198852,0.007091987,0.039900127,0.005154494,up
0.006976756,0.006599735,0.007224237,0.007089928,0.039900127,0.00508116,up
0.006767041,0.006526288,0.007050771,0.006977725,0.039900127,0.004928714,up
0.007002004,0.006725144,0.007110004,0.006770302,0.039900127,0.005092747,down
0.006701087,0.006506802,0.007034905,0.006997798,0.039900127,0.004876372,up
0.006580514,0.006198525,0.006691675,0.006697216,0.039900127,0.00478804,up
0.005570069,0.006089603,0.005874056,0.006588615,0.039900127,0.004067703,up
0.006129137,0.005688393,0.005829103,0.005604517,0.039900127,0.004462156,down
0.006656773,0.006211016,0.005445679,0.006086787,0.039900127,0.004833159,down
0.007512637,0.007137846,0.005446737,0.006680745,0.039900127,0.005436948,down
0.006433662,0.006947984,0.006708598,0.007472861,0.039900127,0.004668358,up
0.005881807,0.006081109,0.006194017,0.006450676,0.039900127,0.004273689,up
0.00547732,0.005509022,0.005778861,0.005856203,0.039900127,0.003984258,up
0.005315526,0.00501388,0.005469478,0.005465035,0.039900127,0.003867034,up
0.004503975,0.005142287,0.004768737,0.005352317,0.039900127,0.0032898,up
0.004012408,0.004067064,0.004233001,0.004505128,0.039900127,0.002939789,up
0.003808361,0.003640372,0.004065881,0.004005359,0.039900127,0.002793644,up
0.003975308,0.003880698,0.004066939,0.003814922,0.039900127,0.002909331,down
0.003723856,0.003538945,0.003892415,0.003953375,0.039900127,0.002728793,up
0.003646566,0.003475491,0.003880251,0.003710439,0.039900127,0.002671534,up
0.003436336,0.003202688,0.003650197,0.003587426,0.039900127,0.00252081,up
0.003215285,0.003052796,0.003439181,0.003436106,0.039900127,0.002362647,up
0.003207556,0.002860435,0.003390526,0.003215302,0.039900127,0.002355363,up
0.003203434,0.002844946,0.003370429,0.003199346,0.039900127,0.002350507,down
0.002955074,0.002857437,0.003175809,0.003204493,0.039900127,0.00217375,up
0.003000933,0.002643591,0.003129798,0.002963101,0.039900127,0.002204454,down
0.00313954,0.00278349,0.00321706,0.003011482,0.039900127,0.002300532,down
0.003084406,0.002753012,0.003205954,0.00311751,0.039900127,0.0022599,up
0.003098319,0.002791984,0.00330538,0.003094348,0.039900127,0.002267522,down
0.002829348,0.002774497,0.003061046,0.003118024,0.039900127,0.002076596,up
0.002367666,0.00245173,0.002448096,0.002841118,0.039900127,0.00175019,up
0.003274541,0.002949371,0.001941977,0.002352158,0.039900127,0.002385698,down
0.003307003,0.003001333,0.003491538,0.003281183,0.039900127,0.002406598,down
0.003537329,0.003187199,0.003423844,0.003323388,0.039900127,0.002566666,down
0.003421393,0.003300117,0.003658658,0.003546765,0.039900127,0.002483497,up
0.003363167,0.003051297,0.003544953,0.003415003,0.039900127,0.002440806,up
0.003114292,0.003006829,0.003329707,0.003363534,0.039900127,0.002264449,up
0.003076677,0.003016322,0.00326783,0.003085598,0.039900127,0.00223648,up
0.00303391,0.002754511,0.003268359,0.003077363,0.039900127,0.002204485,up
0.002965379,0.002643092,0.00316576,0.003027438,0.039900127,0.002154387,up
0.003116353,0.002905902,0.00318004,0.002960528,0.039900127,0.002258056,down
0.003059158,0.002966858,0.003229224,0.003123686,0.039900127,0.00221601,up
0.003011753,0.00270055,0.003210713,0.003036702,0.039900127,0.002181003,up
0.003153453,0.003050797,0.003233983,0.003016629,0.039900127,0.002278126,down
0.003239503,0.002858436,0.003327592,0.003150965,0.039900127,0.002336399,down
0.003257022,0.002929885,0.003438124,0.003244639,0.039900127,0.002346972,down
0.003250839,0.0029079,0.003139317,0.003254419,0.039900127,0.002340856,up
0.003213224,0.002905902,0.003397401,0.003257507,0.039900127,0.00231301,up
0.003137994,0.002841948,0.003317543,0.003188023,0.039900127,0.002258671,up
0.003427061,0.003062289,0.003349804,0.003128833,0.039900127,0.002458172,down
0.003314732,0.003148727,0.003529616,0.003425297,0.039900127,0.002377738,up
0.003454886,0.003073781,0.003505289,0.003330079,0.039900127,0.002473262,down
0.002957135,0.003161218,0.003053642,0.003439194,0.039900127,0.002124389,up
0.003028242,0.002757009,0.003192732,0.002958469,0.039900127,0.002172059,down
0.002749481,0.002723034,0.002867483,0.003020232,0.039900127,0.001976031,up
0.002866447,0.002506191,0.002906619,0.002739723,0.039900127,0.002055942,down
0.002596446,0.002567147,0.00279926,0.002867882,0.039900127,0.001866707,up
0.002988051,0.002637096,0.002835751,0.002610535,0.039900127,0.002137359,down
0.003001963,0.002841948,0.002977486,0.002985233,0.039900127,0.002145289,down
0.003505382,0.003494477,0.003071623,0.003001188,0.039900127,0.002493517,down
0.003457977,0.003186699,0.003568223,0.003517428,0.039900127,0.002458571,up
0.003613589,0.003594405,0.003668178,0.003470076,0.039900127,0.002564361,down
0.003433759,0.00355993,0.003663947,0.003598235,0.039900127,0.00243721,up
0.003328129,0.003314107,0.003553415,0.003444341,0.039900127,0.002361633,up
0.002774729,0.003057293,0.002933062,0.003348608,0.039900127,0.001975847,up
0.002788641,0.002455227,0.002997583,0.002777296,0.039900127,0.001983715,down
0.002987536,0.002636097,0.003019266,0.002789134,0.039900127,0.00211981,down
0.002657248,0.0026321,0.002884406,0.002988836,0.039900127,0.001889451,up
0.002762363,0.002407762,0.002877002,0.002657372,0.039900127,0.001960725,down
0.00263303,0.002419753,0.002836809,0.002762884,0.039900127,0.001869873,up
0.002576865,0.002339811,0.00277599,0.002656857,0.039900127,0.001829241,up
0.002756695,0.002370289,0.002798202,0.002577079,0.039900127,0.001951781,down
0.00282368,0.002445235,0.002912436,0.002713474,0.039900127,0.001996071,down
0.002715988,0.002515684,0.002863781,0.002824133,0.039900127,0.001919817,up
0.002602114,0.002420752,0.002749018,0.002716047,0.039900127,0.001839414,up
0.002312532,0.00242325,0.002445452,0.002602814,0.039900127,0.001637885,up
0.00228007,0.002005052,0.002457616,0.002319732,0.039900127,0.001613788,up
0.002086328,0.001958086,0.002257706,0.002319732,0.039900127,0.001478646,up
0.002138371,0.001885639,0.002273572,0.002087604,0.039900127,0.001512824,down
0.00227028,0.001933104,0.002298958,0.002139074,0.039900127,0.001602539,down
0.002115699,0.002020541,0.002246071,0.00227135,0.039900127,0.001494321,up
0.001983274,0.001738245,0.002068903,0.002088119,0.039900127,0.001401778,up
0.001880736,0.001670794,0.002008084,0.001966651,0.039900127,0.001329397,up
0.001777682,0.001530395,0.00196842,0.001882241,0.039900127,0.00125674,up
0.001767376,0.001465942,0.001950438,0.001779302,0.039900127,0.001248011,up
0.001781288,0.001558375,0.001925582,0.001769008,0.039900127,0.001256033,down
0.001970908,0.001608339,0.001889619,0.001779302,0.039900127,0.0013826,down
0.001970908,0.001608339,0.002179964,0.001972312,0.039900127,0.0013826,noChange
0.001969362,0.001639816,0.002117029,0.001972312,0.039900127,0.001380571,up
0.001886919,0.001659302,0.002087413,0.001945034,0.039900127,0.00132242,up
0.001878159,0.001568368,0.002009142,0.001889447,0.039900127,0.001314982,up
0.001854972,0.001559874,0.001928755,0.001830771,0.039900127,0.00129774,down
0.001873522,0.001670794,0.001886975,0.001856506,0.039900127,0.001308743,down
0.001943083,0.001670794,0.00198217,0.001830771,0.039900127,0.001355215,down
0.00203274,0.001837673,0.002028181,0.001938343,0.039900127,0.001414964,down
0.001699876,0.001670294,0.001847839,0.002036135,0.039900127,0.001185404,up
0.001550963,0.001395992,0.001741009,0.001686657,0.039900127,0.001082134,up
0.001334549,0.001300061,0.001505666,0.00161254,0.039900127,9.33E-04,up
0.001418023,0.001121191,0.00145278,0.001322252,0.039900127,9.89E-04,down
0.001465943,0.001144674,0.001611439,0.001420044,0.039900127,0.001020111,down
0.001339702,0.001137679,0.001498791,0.001465338,0.039900127,9.33E-04,up
0.001394321,0.001070727,0.00145278,0.001342325,0.039900127,9.69E-04,down
0.001190274,0.001112197,0.00137874,0.001396368,0.039900127,8.29E-04,up
0.001210885,8.71E-04,0.001298353,0.001193064,0.039900127,8.41E-04,down
0.001098556,8.69E-04,0.00118835,0.001149315,0.039900127,7.63E-04,up
0.001210885,9.26E-04,0.001255515,0.001078801,0.039900127,8.39E-04,down
0.001111437,0.001031255,0.001177773,0.001221887,0.039900127,7.70E-04,up
0.00154581,0.001211126,0.001093155,0.00114005,0.039900127,0.001064676,down
0.001453577,0.001269583,0.001620958,0.001547689,0.039900127,0.00100044,up
0.001565906,0.001264087,0.001618843,0.001493646,0.039900127,0.001075741,down
0.001293843,0.001366014,0.001458598,0.001542542,0.039900127,8.89E-04,up
0.001556115,0.001206129,0.001445376,0.00135159,0.039900127,0.001066521,down
0.001313423,0.001183645,0.001191523,0.001528645,0.039900127,9.00E-04,up
0.001055273,0.001470938,0.001197341,0.001294973,0.039900127,7.23E-04,up
0.001004777,7.85E-04,0.001033923,0.001057699,0.039900127,6.88E-04,up
4.24E-04,6.22E-04,5.64E-04,9.43E-04,0.039900127,2.92E-04,up
3.86E-04,1.87E-04,3.70E-04,4.25E-04,0.039900127,2.65E-04,up
4.12E-04,2.72E-04,3.74E-04,4.16E-04,0.039900127,2.82E-04,up
1.29E-05,0,5.76E-05,3.16E-04,0.039900127,9.52E-06,up
0,2.20E-05,6.82E-05,9.52E-05,0.039900127,0,up
5.92E-04,2.72E-04,0,0,0.039900127,4.00E-04,down
5.35E-04,4.27E-04,3.42E-04,6.23E-04,0.039900127,3.61E-04,up
0.001128957,8.20E-04,6.06E-04,4.68E-04,0.039900127,7.62E-04,down
0.001007353,8.86E-04,0.001162436,0.001116889,0.039900127,6.79E-04,up
0.001494798,0.001154167,0.001098444,0.001009832,0.039900127,0.001007724,down
0.001365466,0.00117715,0.001517301,0.001450411,0.039900127,9.19E-04,up
0.001347946,0.001270583,0.00145278,0.001367031,0.039900127,9.06E-04,up
0.001712758,0.00135802,0.001417347,0.001349531,0.039900127,0.001151411,down
0.001829209,0.001470938,0.001881158,0.001699009,0.039900127,0.001228955,down
0.001794686,0.001545384,0.001970535,0.001830771,0.039900127,0.001204183,up
0.001730792,0.001594349,0.001876398,0.001828198,0.039900127,0.001159801,up
0.002030164,0.001687282,0.001874811,0.00176592,0.039900127,0.00136087,down
0.002045622,0.001710765,0.002152463,0.002016062,0.039900127,0.001369937,down
0.002112607,0.001768723,0.002220157,0.00205209,0.039900127,0.001413673,down
0.00220484,0.002020042,0.002229677,0.002113854,0.039900127,0.001474497,down
0.002048198,0.001985566,0.002219628,0.002147309,0.039900127,0.00136757,up
0.001986366,0.001781714,0.002127078,0.002049517,0.039900127,0.001324695,up
0.001723578,0.001826181,0.001877456,0.002005768,0.039900127,0.001146401,up
0.001617948,0.001381503,0.001770097,0.001712391,0.039900127,0.001074081,up
0.001612795,0.001351025,0.001767453,0.001599673,0.039900127,0.001069164,down
0.001623101,0.001455949,0.001717211,0.001624378,0.039900127,0.001074788,down
0.001826632,0.001505913,0.001717211,0.001623864,0.039900127,0.00121036,down
0.002075508,0.001785711,0.001851013,0.001830771,0.039900127,0.001376237,down
0.002086844,0.001860157,0.002178906,0.00204437,0.039900127,0.001382292,down
0.001950297,0.001750736,0.002034527,0.002082972,0.039900127,0.001288981,up
0.001645772,0.001775718,0.001558553,0.001951725,0.039900127,0.001082841,up
0.002029649,0.001720258,0.001214793,0.001624893,0.039900127,0.001339663,down
0.002189898,0.00184167,0.002209051,0.00205209,0.039900127,0.001445699,down
0.002600568,0.002220397,0.002162511,0.002216793,0.039900127,0.001720009,down
0.002751542,0.002425249,0.002735268,0.002551345,0.039900127,0.001819652,down
0.002725778,0.002443736,0.002875416,0.002739209,0.039900127,0.001800627,up
0.002691771,0.002462222,0.002833107,0.002727371,0.039900127,0.001775762,up
0.002782458,0.002395271,0.00266916,0.002768546,0.039900127,0.00183465,down
0.003132842,0.002740022,0.002618918,0.002772149,0.039900127,0.002067468,down
0.003107594,0.002759008,0.003261484,0.00313295,0.039900127,0.002048627,up
0.003107078,0.002765004,0.003219175,0.00311751,0.039900127,0.002046322,up
0.003284846,0.002882419,0.003250907,0.003107216,0.039900127,0.002163515,down
0.003117384,0.002899407,0.003285812,0.003287359,0.039900127,0.002049826,up
0.003157059,0.002798979,0.003176866,0.00311751,0.039900127,0.002074783,down
0.003349255,0.003043303,0.003129269,0.003156112,0.039900127,0.002201442,down
0.003271449,0.003069784,0.003442354,0.003348093,0.039900127,0.002147686,up
0.003328644,0.002930884,0.00335139,0.003270889,0.039900127,0.002184323,down
0.002978261,0.002962361,0.003183213,0.003333682,0.039900127,0.001948739,up
0.002849443,0.002616611,0.003044651,0.00299913,0.039900127,0.001861082,up
0.002802554,0.002470217,0.002986477,0.0028545,0.039900127,0.00182835,up
0.002757725,0.002420253,0.002944697,0.002802516,0.039900127,0.001797031,up
0.002782458,0.00245123,0.002887051,0.002757223,0.039900127,0.001812306,down
0.002819042,0.002495198,0.002857963,0.002756708,0.039900127,0.001835234,down
0.002833985,0.002532671,0.003002342,0.002834427,0.039900127,0.001843748,noChange
0.002561407,0.00253517,0.002699305,0.002809722,0.039900127,0.001660721,up
0.002355815,0.002208406,0.002468193,0.002590462,0.039900127,0.001522505,up
0.002210508,0.002061012,0.002008084,0.00235679,0.039900127,0.001424584,up
0.002549556,0.002260368,0.002365065,0.002216793,0.039900127,0.001648826,down
0.002386731,0.002205408,0.002589831,0.002550315,0.039900127,0.001538979,up
0.002428983,0.002142953,0.002533772,0.002396936,0.039900127,0.001565565,down
0.002535129,0.002204408,0.002511031,0.002409289,0.039900127,0.001634473,down
0.002282646,0.002370289,0.002433817,0.002510169,0.039900127,0.001465185,up
0.002303257,0.001943597,0.002312708,0.002277012,0.039900127,0.001477509,down
0.00211776,0.002059513,0.002330689,0.002323335,0.039900127,0.00135294,up
0.002254306,0.001942597,0.001701345,0.002216793,0.039900127,0.001442133,down
0.002446502,0.002503193,0.002174146,0.002257968,0.039900127,0.001568147,down
0.002287799,0.002210404,0.002200589,0.002443773,0.039900127,0.001461466,up
0.001525199,0.002020541,0.001426337,0.002268262,0.039900127,9.55E-04,up
0.001945144,0.001677289,7.18E-04,0.001509087,0.039900127,0.001231906,down
0.002467113,0.002550159,0.001414702,0.001893049,0.039900127,0.001576507,down
0.003632654,0.003264143,0.002231263,0.00249936,0.039900127,0.002346819,down
0.003890289,0.003615889,0.003623754,0.003632205,0.039900127,0.002515738,down
0.003397691,0.003643869,0.003621109,0.003917346,0.039900127,0.002188041,up
0.003442004,0.003068784,0.003520626,0.003385666,0.039900127,0.002216809,down