0.440433754,0.426770372,0.415979104,0.414923694,0.256704478,0.444015768,down
0.445789986,0.452073103,0.435249202,0.440243101,0.326289471,0.449351367,down
0.422693523,0.432808512,0.413525719,0.446166215,0.284501643,0.42608803,up
0.390026433,0.423904441,0.400470792,0.421903992,0.391973976,0.393207705,up
0.396087555,0.421423232,0.379259775,0.388742687,0.384529153,0.39925943,down
0.359825942,0.388526484,0.316403091,0.395572694,0.587168278,0.36276774,up
0.422626537,0.414214937,0.353868643,0.354462434,0.389395744,0.425820635,down
0.469266719,0.462681444,0.421274057,0.422491774,0.296613796,0.472623925,down
0.452593612,0.467471985,0.432930676,0.468706267,0.304594317,0.455818016,up
0.467544687,0.453058891,0.408860109,0.450992513,0.533770436,0.470779824,down
0.523967785,0.510343532,0.462581253,0.468481345,0.417674493,0.527390659,down
0.517315649,0.514980184,0.513623717,0.522553177,0.337204797,0.520662763,up
0.579075915,0.561226794,0.527309574,0.516644475,0.362236215,0.582612271,down
0.602196081,0.58962629,0.587758355,0.577898365,0.298032117,0.605761888,down
0.587758215,0.597855348,0.603417921,0.603113289,0.350175661,0.591199635,up
0.572279503,0.576600694,0.577710001,0.585325419,0.317996424,0.575589318,up
0.576458343,0.578689186,0.550267418,0.571464674,0.408730805,0.579720105,down
0.584996367,0.585134533,0.581316831,0.575993992,0.372107412,0.588218338,down
0.558289922,0.570929789,0.559231608,0.581140946,0.416902198,0.561343636,up
0.560407682,0.564744255,0.532254422,0.555869405,0.405140326,0.563396736,down
0.595889176,0.594163014,0.538098333,0.559111986,0.44192145,0.598920273,down
0.660612244,0.640604484,0.593522937,0.593529662,0.41665847,0.663755799,down
0.597079449,0.650952013,0.612985012,0.660393732,0.494958524,0.599946822,up
0.585413736,0.595482062,0.587382864,0.59390539,0.45043725,0.588178383,up
0.573510998,0.601202931,0.575240222,0.587085677,0.629982197,0.576167137,up
0.585480721,0.579753418,0.493784564,0.57234995,0.789819149,0.588095398,down
0.709403163,0.687930314,0.535702594,0.587888601,0.790792383,0.712246441,down
0.705858105,0.718028583,0.717990308,0.707776583,0.534773035,0.708610488,up
0.736954651,0.721341192,0.698226783,0.705316339,0.464855381,0.739692815,down
0.715395753,0.728720864,0.734422011,0.735590718,0.535309992,0.718006184,up
0.689709542,0.707256361,0.692414604,0.716052884,0.506033259,0.692173399,up
0.767736883,0.746672902,0.689653951,0.686468197,0.693481539,0.770243426,down
0.74817208,0.744399544,0.720608169,0.767146689,0.77598412,0.750554571,up
0.775749331,0.770590634,0.759363082,0.747696352,0.698763013,0.778074709,down
0.845439603,0.822573102,0.747950268,0.777275893,0.772338686,0.847772515,down
0.899599635,0.874620524,0.847349641,0.844572306,0.665454908,0.901896887,down
0.896240075,0.881255733,0.883148223,0.898584433,0.768173076,0.898420756,up
0.793964127,0.880895993,0.800550756,0.893566154,1,0.795940976,up
0.783323801,0.782691896,0.764556495,0.799361469,0.913679992,0.785189866,up
0.768252153,0.774352917,0.781601676,0.778866301,0.707652166,0.770012913,up
0.698525812,0.767947542,0.692705477,0.767599621,0.706590837,0.70014299,up
0.723629768,0.701375607,0.692234791,0.699407637,0.431593421,0.725179738,down
0.661050223,0.71462604,0.671127959,0.725101228,0.508994912,0.662483369,up
0.752984702,0.729840055,0.649682657,0.663121617,0.606163126,0.754374934,down
0.753700927,0.759673516,0.753175412,0.7508257,0.546296633,0.755001929,down
0.813899924,0.790121532,0.733623431,0.748267664,0.517393252,0.815119629,down
0.829327109,0.842208925,0.795870338,0.811678128,0.52373186,0.830450258,down
0.719734327,0.818740869,0.738467795,0.825127117,0.564284687,0.720781557,up
0.717637178,0.725398262,0.707793873,0.718420482,0.447261654,0.718617811,up
0.749187162,0.727047072,0.670710159,0.713232354,0.485335251,0.750072031,down
0.715205103,0.775871821,0.727885292,0.75303889,0.548834593,0.716029922,up
0.81564669,0.792869548,0.622335269,0.708394218,0.931080749,0.816327516,down
0.85400339,0.874025953,0.807949517,0.809845813,0.692747418,0.854580323,down
0.911605427,0.892362714,0.84682078,0.852138327,0.929054576,0.912051738,down
0.981579097,0.954472871,0.910162429,0.911436376,0.70860023,0.981869411,down
0.980965925,0.964125901,0.96730583,0.980276875,0.622393486,0.981125624,up
1,1,1,0.981645965,0.558424307,1,down
0.911605427,0.98139843,0.922849798,1,0.534345148,0.911590713,up
0.851885631,0.903324799,0.874511928,0.907843802,0.600181092,0.851841832,up
0.840719729,0.849948337,0.852543053,0.849019274,0.577838653,0.8405713,up
0.898192948,0.878292873,0.844811109,0.841000321,0.544257875,0.897833717,down
0.868296981,0.88472323,0.872941211,0.892840434,0.612505929,0.86788244,up
0.791398082,0.871337894,0.811233742,0.868207115,0.509733227,0.7910203,up
0.778052588,0.788232896,0.696037299,0.79196015,0.563403742,0.777604463,up
0.847866524,0.83481926,0.719746126,0.777692796,0.583455725,0.847167036,down
0.913800477,0.91328261,0.754756706,0.849297209,0.886530111,0.912853922,down
0.731559774,0.890613977,0.73996976,0.917767128,0.75290756,0.730942554,up
0.610847465,0.714211339,0.62711617,0.732054762,0.530808784,0.610430538,up
0.598599496,0.597440648,0.61025609,0.609824916,0.289134574,0.598133456,up
0.579519047,0.578714168,0.582607252,0.596468572,0.257133204,0.579025494,up
0.567528713,0.588781899,0.570982893,0.579277749,0.277097092,0.566995806,up
0.562149294,0.561876325,0.573262283,0.566482423,0.215438925,0.561561855,up
0.52197369,0.548211192,0.509246336,0.561386939,0.284430329,0.521440359,up
0.506937596,0.535935055,0.483194657,0.523196546,0.348511514,0.506383272,up
0.515728618,0.571729212,0.504295142,0.505440072,0.485188426,0.515081283,down
0.502642305,0.502194416,0.511449041,0.514199672,0.266211551,0.501978943,up
0.478388029,0.486838003,0.491163002,0.501823823,0.237035497,0.477750527,up
0.449343288,0.47207766,0.460640863,0.476716985,0.229579348,0.448761255,up
0.421141014,0.435503566,0.429732127,0.448942481,0.182028463,0.420617196,up
0.412500451,0.414680601,0.416498974,0.421291504,0.212087559,0.411962215,up
0.420660267,0.409346452,0.421673347,0.410229672,0.177125375,0.420039378,down
0.412702952,0.411088194,0.423614266,0.421284299,0.152305804,0.412069787,up
0.419287588,0.41340652,0.407073618,0.411901918,0.179324801,0.418573318,down
0.410699582,0.412816946,0.416944803,0.418561046,0.146219733,0.409967512,up
0.396630649,0.401077922,0.403445105,0.410112322,0.131993313,0.39591546,up
0.393084561,0.390239747,0.391246403,0.397433317,0.153717832,0.392319463,up
0.401141323,0.396215432,0.396410728,0.39325605,0.195016526,0.400313642,down
0.373815008,0.394356275,0.376075504,0.401630143,0.214822683,0.373076266,up
0.338339697,0.363122326,0.347420773,0.373005363,0.176105996,0.337740213,up
0.334563798,0.33427965,0.338270953,0.338016889,0.133998092,0.333950585,up
0.302450624,0.336588483,0.305615919,0.334091823,0.26262191,0.301970796,up
0.32085607,0.327288198,0.288413138,0.30272526,0.375638742,0.320261206,down
0.337507536,0.339684248,0.324651203,0.323700639,0.205798032,0.336802795,down
0.366111206,0.361610917,0.336955148,0.337110511,0.21836492,0.365217321,down
0.38018323,0.368347553,0.372105876,0.364154662,0.135220508,0.379167947,down
0.364444307,0.384815163,0.372766952,0.380424696,0.192941272,0.363477719,up
0.358349693,0.358679034,0.36795855,0.364195837,0.097469505,0.357376818,up
0.377936137,0.368294591,0.367123479,0.357936113,0.130423554,0.376810571,down
0.378003123,0.376873897,0.384357992,0.377733869,0.099737728,0.376838233,up
0.365634581,0.370647393,0.368391158,0.376320515,0.104074913,0.364507342,up
0.361669578,0.369070031,0.366892367,0.367457976,0.141244912,0.360536378,up
0.345708574,0.364375421,0.35397653,0.360805025,0.19510462,0.344634078,up
0.328354279,0.334396066,0.333835398,0.344788221,0.120289332,0.327351776,up
0.312435012,0.319562776,0.319315527,0.329403463,0.096841937,0.311501726,up
0.311550293,0.30679999,0.316011206,0.312013452,0.074221371,0.310588895,up
0.292979446,0.308834521,0.299284927,0.313213722,0.119816139,0.292107313,up
0.294699417,0.289898693,0.297413289,0.292586792,0.058774213,0.293797124,down
0.300466319,0.295478165,0.299509164,0.294018159,0.071619647,0.299500929,down
0.292645036,0.294899083,0.29910723,0.300396779,0.079796074,0.291693312,up
0.28113648,0.283783608,0.282007048,0.292468927,0.082394861,0.280226383,up
0.302309956,0.292836572,0.287628837,0.280931516,0.114642056,0.301210411,down
0.305941579,0.299835019,0.299702199,0.301708737,0.100636711,0.304775674,down
0.307521397,0.299868495,0.302868488,0.305728507,0.085232342,0.30630136,down
0.305467015,0.305795216,0.312003499,0.306921571,0.092467416,0.304227361,up
0.2905922,0.299061578,0.294136468,0.30588446,0.098647874,0.289427526,up
0.284183787,0.283284968,0.289050415,0.290292795,0.074573329,0.283031876,up
0.285218449,0.276263538,0.268973804,0.28422814,0.100528901,0.284025232,down
0.292316809,0.286082948,0.285965041,0.284990918,0.076294528,0.29103005,down
0.289533835,0.284877818,0.289745867,0.29117138,0.084118157,0.288232241,up
0.297179927,0.288687568,0.28627654,0.288731724,0.082774506,0.295771235,down
0.287264586,0.287949101,0.292254253,0.296637444,0.069895512,0.285908674,up
0.278022188,0.288079007,0.284068018,0.287137198,0.151548611,0.276717058,up
0.245324182,0.268423698,0.251551016,0.27682785,0.116987467,0.244274093,up
0.243246098,0.239785375,0.247829423,0.244894608,0.05115446,0.242188721,up
0.242574186,0.242205628,0.248541799,0.242604729,0.066879745,0.24149288,up
0.234242785,0.240034195,0.237919631,0.242091578,0.082468273,0.23320887,up
0.224718018,0.227314879,0.229531371,0.233777189,0.054996638,0.223739103,up
0.22160991,0.218308381,0.225057738,0.224327898,0.037925521,0.220633944,up
0.219296863,0.216778986,0.225030238,0.221441487,0.044763834,0.218314987,up
0.214423439,0.214249312,0.216754625,0.219259178,0.04861608,0.213468381,up
0.21903459,0.213733185,0.219206952,0.214161121,0.046728341,0.218013476,down
0.223625131,0.217738293,0.22177034,0.218696616,0.053912237,0.222527836,down
0.222973314,0.219624931,0.228041042,0.223423578,0.059940836,0.221857505,up
0.220151695,0.216302829,0.222347856,0.223136378,0.050564227,0.219042485,up
0.211137562,0.214038964,0.216585918,0.219789315,0.050532345,0.210096442,up
0.211421475,0.206854151,0.210156559,0.210749206,0.057227526,0.210350313,down
0.212735929,0.210085818,0.213880267,0.211349341,0.071711517,0.211622743,down
0.19706193,0.206625317,0.201987247,0.21268446,0.070644315,0.196089264,up
0.198889593,0.19462598,0.201198187,0.196815374,0.043664751,0.197877427,down
0.186171183,0.193644689,0.191238682,0.198550927,0.057527886,0.185276376,up
0.192074632,0.185945248,0.190462314,0.186031992,0.032098155,0.19109513,down
0.183509298,0.187097416,0.186637593,0.191670994,0.038814269,0.182599048,up
0.183411397,0.184052614,0.18446662,0.183348371,0.050002939,0.182483177,up
0.197501456,0.191954409,0.187645073,0.183365871,0.059091353,0.196391696,down
0.198268693,0.197698761,0.200554563,0.19751536,0.050799984,0.197132103,down
0.206380589,0.2008305,0.201143714,0.19849431,0.065488691,0.205128741,down
0.181508505,0.200089036,0.186453021,0.205711883,0.081397296,0.180521668,up
0.1822912,0.179382985,0.178760742,0.180887098,0.051862152,0.181270681,down
0.183912754,0.18657929,0.18098989,0.183057053,0.076161547,0.182849846,down
0.159620349,0.182812509,0.152369534,0.183699393,0.17389063,0.158820899,up
0.196156601,0.192163258,0.163329644,0.158861741,0.11382865,0.194897974,down
0.209378945,0.202724633,0.196968359,0.196313032,0.092983818,0.207931467,down
0.211280291,0.213350461,0.212585616,0.209088799,0.078096689,0.209779257,down
0.208888923,0.209204454,0.21333554,0.210656561,0.065209725,0.207389916,up
0.214395614,0.20839354,0.205489363,0.208683734,0.070317527,0.212805734,down
0.214419832,0.211560253,0.214113495,0.213991272,0.058032122,0.212802968,down
0.233760492,0.229156549,0.21205464,0.214129725,0.113181785,0.231867901,down
0.23293503,0.228858764,0.234063179,0.233231612,0.07726147,0.231022074,up
0.221982965,0.226970627,0.227995031,0.233089556,0.090999175,0.220183983,up
0.214341511,0.21750696,0.20797871,0.221735892,0.113059292,0.212609952,up
0.233063332,0.225690551,0.213811515,0.214518835,0.125197873,0.231054345,down
0.23273562,0.231808634,0.23016336,0.232360748,0.080976959,0.230704581,down
0.249025882,0.24484722,0.232894925,0.232145091,0.114073218,0.246744881,down
0.238738001,0.240698716,0.243963451,0.248267407,0.108910881,0.236564827,up
0.231206299,0.232906342,0.237134273,0.238559224,0.081469449,0.229108204,up
0.231967352,0.227433793,0.233009688,0.231451796,0.081172445,0.229828325,down
0.222633236,0.227391823,0.226701437,0.232157958,0.104170559,0.220599213,up
0.222387967,0.216312323,0.219958992,0.222051401,0.082073526,0.2203352,down
0.22036038,0.216944866,0.224858887,0.222062724,0.064376183,0.218310684,up
0.221749548,0.215080712,0.222332519,0.220493933,0.063291782,0.219662717,down
0.219727628,0.218898955,0.224333199,0.221482148,0.072368031,0.217652647,up
0.209668527,0.214936316,0.214967605,0.219581892,0.085363226,0.207721547,up
0.20716483,0.208910167,0.212225462,0.210154733,0.09929348,0.205229244,up
0.202493392,0.202563749,0.190868479,0.207529787,0.157789056,0.200612844,up
0.207240574,0.201583457,0.207475764,0.202445626,0.117376761,0.205272581,down
0.212332988,0.205937813,0.211774344,0.206867889,0.088384447,0.210268866,down
0.209676256,0.208284619,0.20652117,0.212325718,0.124715031,0.207626883,up
0.219290679,0.214623542,0.20889311,0.210623106,0.123284125,0.217072984,down
0.222387452,0.220347909,0.22096753,0.219427998,0.106992938,0.220093008,down
0.212901331,0.215178141,0.207783561,0.221741039,0.095191633,0.210729891,up
0.219427226,0.218912445,0.203116894,0.211719921,0.13655451,0.217131381,down
0.205984346,0.212375165,0.20750538,0.219090358,0.103206134,0.203874752,up
0.196397232,0.206542376,0.200558265,0.206126727,0.132403162,0.194413898,up
0.184576422,0.1936282,0.187648775,0.196422147,0.092991369,0.182759178,up
0.170313233,0.180127948,0.174872558,0.184373644,0.084668538,0.168700672,up
0.168665399,0.16882261,0.172088106,0.17051084,0.063438606,0.167061573,up
0.17271336,0.167289217,0.168290886,0.168513308,0.061502625,0.171027006,down
0.170127735,0.170391477,0.173482183,0.172500652,0.073407965,0.168461861,up
0.162015324,0.166036122,0.164759154,0.170390402,0.062061396,0.160461535,up
0.16432528,0.160820388,0.163421665,0.161897929,0.046235851,0.162716256,down
0.145776589,0.160656506,0.148572843,0.163903696,0.081501751,0.144451355,up
0.14110309,0.141136599,0.14163895,0.145528044,0.041918802,0.139834955,up
0.136085906,0.136838702,0.138540884,0.140836081,0.033641151,0.134887231,up
0.136991235,0.134301534,0.137665619,0.135994857,0.045812998,0.135761335,down
0.144419883,0.142236805,0.13856574,0.136385511,0.055449695,0.143048609,down
0.138851875,0.14065145,0.140416753,0.144470345,0.035981024,0.137559334,up
0.136850051,0.134101679,0.136410104,0.138388705,0.02949425,0.135576618,up
0.141107728,0.136611367,0.138945991,0.136807046,0.033597062,0.139744287,down
0.134548855,0.141042667,0.13825477,0.141056371,0.05777497,0.133282863,up
0.127282517,0.130843531,0.130301234,0.133993207,0.032982833,0.126128058,up
0.129295162,0.126718509,0.126147562,0.126667549,0.039203982,0.128090489,down
0.13855611,0.134578834,0.127742606,0.129088161,0.061130531,0.137172995,down
0.137278241,0.135037503,0.139283933,0.138269296,0.036228486,0.135899028,up
0.141163377,0.137781522,0.136890838,0.137010351,0.044885489,0.13969634,down
0.133976906,0.139292431,0.137090219,0.141113502,0.049260428,0.132622675,up
0.14272516,0.138092797,0.135193724,0.1337863,0.062362176,0.141195902,down
0.113431029,0.14120505,0.116579942,0.141498494,0.094236018,0.112421161,up
0.11617175,0.116046714,0.116069063,0.113490319,0.052111753,0.115098181,down
0.111556991,0.115569059,0.111020558,0.115829609,0.06332702,0.110554315,up
0.096052516,0.107718727,0.098743057,0.11117316,0.050293651,0.095326957,up
0.099111159,0.099138922,0.094004994,0.095804873,0.04950122,0.098316245,down
0.1113818,0.107751204,0.101799343,0.099358329,0.041561726,0.11034501,down
0.118104528,0.114351938,0.111996306,0.111426905,0.036900898,0.116927837,down
0.12027433,0.117448202,0.12033168,0.11783795,0.03494046,0.119042099,down
0.116671046,0.117372757,0.116857594,0.119945113,0.046755189,0.115491897,up
0.119408161,0.116861126,0.118003635,0.116802898,0.055663219,0.118160618,down
0.126588964,0.123041164,0.119289825,0.118592494,0.046494681,0.125182956,down
0.129029283,0.127954117,0.129679822,0.126100869,0.022023544,0.127562461,down
0.126332359,0.124748931,0.128342863,0.128823607,0.030643128,0.124902345,up
0.130883224,0.141976493,0.128689795,0.126112192,0.038365322,0.129348166,down
0.130857976,0.127016294,0.13306982,0.130739303,0.031844023,0.129308825,up
0.13058849,0.12731258,0.130788315,0.130401148,0.039378577,0.129030366,down
0.128431054,0.127759258,0.131888345,0.130383134,0.041222268,0.126900736,up
0.125213708,0.125931078,0.127716691,0.128448909,0.040324376,0.123732878,up
0.12201079,0.12189799,0.123188057,0.125484779,0.033597103,0.120577313,up
0.124906607,0.121947454,0.124477948,0.12178309,0.032597315,0.123397866,down
0.127309827,0.124144867,0.127608804,0.124165615,0.035968355,0.125736494,down
0.128769071,0.1256228,0.129303802,0.127175553,0.0397315,0.127153993,down
0.128020384,0.126379754,0.127925591,0.129001177,0.04954317,0.126405288,up
0.1241775,0.123805113,0.119917053,0.127851348,0.062376438,0.122628568,up
0.129954708,0.126942847,0.12220702,0.124042602,0.069654301,0.128271826,down
0.130814178,0.13029093,0.131505979,0.129753662,0.048587974,0.129101056,down
0.137578128,0.1340722,0.133149149,0.130747538,0.041106235,0.13570632,down
0.135971516,0.134433439,0.139663655,0.137757174,0.04020721,0.134117319,up
0.13513111,0.132363434,0.136278418,0.135724127,0.045938427,0.133280712,up
0.136079207,0.134775192,0.137232482,0.134884659,0.068114745,0.134193849,down
0.129990261,0.134347501,0.133499783,0.136567198,0.077662929,0.12822265,up
0.127814276,0.12932113,0.131342561,0.129763441,0.060574697,0.126079189,up
0.133292627,0.129283657,0.129613186,0.127637235,0.049324612,0.131423087,down
0.1260098,0.130437324,0.12795415,0.133174841,0.064252431,0.124286108,up
0.12371994,0.123179065,0.122675591,0.126107045,0.050018041,0.122032924,up
0.125266266,0.122918753,0.113569138,0.12332872,0.084881223,0.123530334,down
0.136463083,0.135515658,0.124145295,0.125479632,0.071050389,0.134462781,down
0.134609657,0.135626078,0.136702564,0.136321689,0.074601016,0.132636506,up
0.148640975,0.146029567,0.129731122,0.133367852,0.107671266,0.146335412,down
0.148083968,0.14599659,0.146758851,0.148730478,0.073392863,0.145774498,up
0.142195978,0.143717736,0.141788618,0.148195195,0.084572053,0.140004612,up
0.141129369,0.141255514,0.144383737,0.14181812,0.056468235,0.138946406,up
0.136649096,0.136938131,0.13779043,0.140881889,0.053624881,0.134551298,up
0.144320951,0.13964018,0.139356387,0.137100937,0.063547676,0.142028206,down
0.13512132,0.146161971,0.138842334,0.143845505,0.08753874,0.133026533,up
0.125926842,0.130518266,0.129290052,0.134766794,0.057322332,0.124030085,up
0.127750383,0.125475906,0.126239583,0.125759626,0.056727065,0.125795198,down
0.124964318,0.12527705,0.124707474,0.125941828,0.063431894,0.1230564,up
0.120342861,0.120612418,0.122049949,0.124562445,0.055129199,0.118530668,up
0.114381186,0.118605867,0.117555161,0.120410397,0.069230609,0.112695932,up
0.109169745,0.11174532,0.110005146,0.114158393,0.064685353,0.107595455,up
0.112682341,0.111289649,0.108894538,0.108448363,0.060454301,0.111007964,down
0.107739356,0.111543965,0.107974321,0.112573132,0.041604389,0.106171809,up
0.102310986,0.109559898,0.105166599,0.107435958,0.048002355,0.100862027,up
0.109637611,0.109203155,0.094681935,0.101417625,0.071214832,0.10799624,down
0.116058906,0.124871343,0.106113789,0.109835467,0.073857667,0.114246206,down
0.122517815,0.134360492,0.117394917,0.115114183,0.100840587,0.120530903,down
0.116083639,0.122369649,0.119302517,0.122250948,0.072259381,0.114241903,up
0.109394918,0.112231969,0.111746684,0.115908872,0.057718338,0.107705794,up
0.101749857,0.111386579,0.103251594,0.108341822,0.081355766,0.100240257,up
0.102978261,0.102152246,0.104289748,0.101537549,0.048032559,0.101426014,down
0.09871234,0.100435985,0.100980138,0.103778018,0.040207923,0.097255272,up
0.094236189,0.096428379,0.096502274,0.098784444,0.048428145,0.092880449,up
0.09018256,0.091429988,0.092105855,0.093685872,0.03739666,0.088920242,up
0.085443622,0.089409946,0.084426268,0.091135042,0.044545276,0.08429247,up
0.086214981,0.085507264,0.085728852,0.08574927,0.040111816,0.08503472,down
0.089653893,0.086849295,0.086892346,0.085954119,0.030567576,0.088373466,down
0.089263318,0.087779623,0.090492829,0.089581692,0.018220379,0.087981594,up
0.085257609,0.086858788,0.083853512,0.089375814,0.02419566,0.084069641,up
0.091576881,0.089015231,0.086123911,0.085223766,0.030964211,0.090212957,down
0.08820753,0.08990359,0.089367943,0.091622973,0.033418523,0.086922773,up
0.086978611,0.085632174,0.087450823,0.088460685,0.038294469,0.085716423,up
0.085297285,0.087883048,0.087302742,0.086825498,0.048874071,0.084069333,up
0.078754902,0.082380022,0.080989202,0.085177958,0.056106209,0.077689665,up
0.077855755,0.07605309,0.079023956,0.078659857,0.045187107,0.076804496,up
0.076688153,0.075157736,0.078111142,0.077738038,0.024317105,0.075658388,up
0.075866813,0.077117821,0.077466461,0.076536224,0.039566092,0.074851593,up
0.073282734,0.07666215,0.075372701,0.075621096,0.039042265,0.072327633,up
0.071379326,0.07085934,0.073086436,0.073172175,0.024370213,0.070468779,up
0.069691817,0.06991652,0.071404659,0.071253906,0.019904326,0.068818616,up
0.065944258,0.067938948,0.067840667,0.069647027,0.029816466,0.065166066,up
0.064582399,0.063621565,0.06607533,0.065853208,0.017210187,0.06383401,up
0.064374746,0.062586812,0.066090667,0.064509853,0.017612527,0.063623168,up
0.064369593,0.062790665,0.064882749,0.06423655,0.022008148,0.063611489,down
0.062521835,0.062212083,0.0642973,0.064300887,0.018723818,0.061807958,up
0.06170307,0.06096948,0.063484441,0.062414528,0.013708054,0.061004852,up
0.060902341,0.059607963,0.062640379,0.061612118,0.010055279,0.060219265,up
0.058799009,0.058776563,0.060506955,0.060822576,0.009772118,0.058169546,up
0.059947546,0.057840239,0.060206034,0.058612474,0.010743045,0.059278466,down
0.059472982,0.058008118,0.060445607,0.059873478,0.010339027,0.058810371,up
0.059818728,0.058027104,0.06082057,0.059376282,0.011297453,0.059138621,down
0.058873723,0.058269429,0.060442434,0.059738113,0.013098818,0.058214112,up
0.058927826,0.057006341,0.060266324,0.058771,0.011964203,0.058259907,down
0.05798179,0.057109267,0.059668182,0.058842028,0.01122853,0.057334783,up
0.057439726,0.055976585,0.058551228,0.057927929,0.010502044,0.056802145,up
0.056891479,0.055592862,0.058549113,0.057363309,0.00756661,0.056263053,up
0.056617871,0.055631834,0.058144534,0.056826996,0.008419365,0.05599074,up
0.056773997,0.055771733,0.057871113,0.056570678,0.010570045,0.056136117,down
0.058355361,0.056525688,0.057693945,0.056660235,0.014645128,0.057665184,down
0.058550648,0.056588143,0.059826312,0.058260422,0.011991093,0.057848058,down
0.057656655,0.05663461,0.059334471,0.058499241,0.008948896,0.056972724,up
0.057648411,0.055748749,0.05888917,0.057578966,0.008936353,0.056957972,down
0.057095526,0.056092002,0.058509448,0.057617053,0.010046344,0.056414576,up
0.05689354,0.055480943,0.058018666,0.057003536,0.008660702,0.05621234,up
0.057217645,0.055560885,0.058061503,0.057052433,0.01317911,0.056519383,down
0.054480015,0.05565032,0.056074045,0.057349926,0.021325752,0.053858037,up
0.054909235,0.052988242,0.055429892,0.054369841,0.017280201,0.05426712,down
0.055495612,0.054054972,0.055794277,0.054805787,0.018183212,0.054830493,down
0.053302108,0.053820142,0.054865069,0.055349306,0.024229598,0.052696254,up
0.052150995,0.051614235,0.053410702,0.053206114,0.021450133,0.051573811,up
0.051692404,0.050821307,0.052651258,0.05209077,0.01203019,0.05112385,up
0.049370082,0.049981913,0.050829333,0.05164247,0.018643694,0.048867899,up
0.050172358,0.048701338,0.050480285,0.049307812,0.014687077,0.049638734,down
0.050371767,0.048993127,0.050260279,0.050004709,0.012400354,0.049826525,down
0.050294477,0.049468784,0.050886979,0.050374261,0.013569662,0.049745384,up
0.046557223,0.048556942,0.04793858,0.050303233,0.015507866,0.046120188,up
0.046658216,0.046636329,0.046997737,0.046235081,0.012618913,0.046211779,down
0.044727499,0.04502749,0.044328048,0.046546472,0.018161943,0.044336943,up
0.049978616,0.048260656,0.045949006,0.044731656,0.020479038,0.049414983,down
0.05057633,0.049137023,0.050950442,0.049933682,0.010306307,0.049987883,down
0.054214136,0.052266763,0.050171959,0.050476685,0.015856301,0.053503048,down
0.050849938,0.052355699,0.052348221,0.05415161,0.014033584,0.050240525,up
0.049916269,0.049387842,0.051360309,0.050738665,0.011899978,0.049331383,up
0.04679837,0.049731594,0.048189789,0.049838463,0.016938898,0.046307672,up
0.05313413,0.051938001,0.047180723,0.0466,0.025943581,0.05243224,down
0.057280508,0.055240117,0.054686314,0.053106263,0.029521769,0.05643732,down
0.060947685,0.059128309,0.057482401,0.057613965,0.026667885,0.059977687,down
0.060372128,0.058810039,0.062099884,0.060794782,0.012372961,0.059414314,up
0.059959912,0.058470284,0.061093462,0.06030016,0.010170641,0.059007997,up
0.059425062,0.058098553,0.060898312,0.059884286,0.015832641,0.058483965,up
0.057098102,0.057579428,0.05869455,0.059341797,0.009410092,0.056226785,up
0.053991024,0.055923124,0.055572156,0.05699736,0.011765319,0.053215983,up
0.057754556,0.059752359,0.053505897,0.053954996,0.023531218,0.056847633,down
0.055744488,0.056104493,0.056889548,0.057648964,0.008785334,0.054897803,up
0.059499776,0.057838241,0.057251818,0.055667902,0.013832729,0.058521155,down
0.062075095,0.060006176,0.060251516,0.059452972,0.012098232,0.061002393,down
0.06177933,0.060028659,0.063414103,0.061989905,0.006325988,0.060709795,up
0.061100205,0.059593474,0.062010506,0.061696014,0.005506709,0.060046226,up
0.062292539,0.060198537,0.061611217,0.061079923,0.007568246,0.061192028,down
0.060915738,0.060244004,0.062679515,0.062101079,0.013125288,0.059854747,up
0.05957449,0.05933566,0.060823743,0.06086684,0.01532916,0.05855189,up
0.057274325,0.057355589,0.058923546,0.059399443,0.009488999,0.056323601,up
0.057309363,0.055894144,0.058507333,0.057210444,0.007638973,0.056350647,down
0.056436496,0.055331051,0.058060974,0.057210444,0.005399444,0.055501439,up
0.055431204,0.054606074,0.056306215,0.056450239,0.004766674,0.054522836,up
0.05677812,0.054974808,0.056009524,0.05535085,0.005751444,0.055815551,down
0.056896632,0.056250887,0.056399294,0.056886701,0.013755373,0.055922816,up
0.054039975,0.055063244,0.055606003,0.056528473,0.007827663,0.053159123,up
0.053912703,0.052503592,0.054738143,0.053992054,0.005589476,0.053030651,up
0.052082464,0.052096886,0.053488974,0.053881909,0.007719223,0.051258777,up
0.050506253,0.050260212,0.051625268,0.052064005,0.00447269,0.049732168,up
0.050819022,0.049077066,0.051718877,0.050411319,0.003128003,0.050028454,down
0.050533047,0.049291412,0.051903978,0.050748444,0.004036224,0.049746306,up
0.049343288,0.048895198,0.050776447,0.050325879,0.005605165,0.048593128,up
0.048391585,0.047905912,0.049825026,0.049359796,0.005009605,0.047669541,up
0.048317386,0.046680297,0.049504008,0.048332464,0.003645499,0.047592703,up
0.04757179,0.046813701,0.048704899,0.048181659,0.005666915,0.046867049,up
0.047939693,0.04634354,0.048151182,0.047465717,0.004100554,0.047215892,down
0.048178778,0.046476444,0.049257559,0.047905267,0.002712982,0.047440872,down
0.047425453,0.046702781,0.048512394,0.048176512,0.004169939,0.046709379,up
0.04777223,0.046183655,0.046601091,0.047364322,0.007869529,0.047037936,down
0.0513312,0.050684905,0.046952784,0.047658213,0.016962893,0.050460281,down
0.051208566,0.050184267,0.051403147,0.051193656,0.008347882,0.050336111,up
0.050065697,0.049332882,0.051543295,0.051105128,0.006005072,0.049229343,up
0.04946077,0.048469005,0.05090972,0.049911035,0.004568503,0.04864169,up
0.050239858,0.048418542,0.050603509,0.049354649,0.004671112,0.049385477,down
0.049611744,0.04853196,0.050222201,0.050155515,0.006385011,0.04877508,up
0.048587902,0.047930894,0.049885317,0.049486926,0.008323677,0.04778326,up
0.047482133,0.046914128,0.04853302,0.048554813,0.00599727,0.04671276,up
0.046500028,0.045694509,0.047873002,0.047382337,0.006177192,0.045760281,up
0.043924709,0.044840625,0.045240333,0.046423974,0.006784289,0.043276277,up
0.043882972,0.042393892,0.045161533,0.043849468,0.003161731,0.043230789,up
0.043981904,0.042412378,0.045144609,0.043804175,0.002432829,0.043320228,down
0.043865453,0.042436861,0.045179514,0.043911746,0.002773792,0.04320282,up
0.043790739,0.042402385,0.044970085,0.043817042,0.005148752,0.043124753,up
0.042967852,0.042208026,0.044249248,0.043705868,0.00541572,0.042328102,up
0.042428365,0.041404606,0.043692357,0.042879782,0.004948945,0.041804069,up
0.043395011,0.042448352,0.043724089,0.042424277,0.004551178,0.042728272,down
0.044158641,0.042654703,0.045017154,0.043881894,0.002967138,0.043457921,down
0.043989117,0.04311687,0.044002799,0.044070272,0.004770323,0.043288264,up
0.042615408,0.042609736,0.04389544,0.04392204,0.004543165,0.04196174,up
0.042750408,0.041212245,0.043444851,0.042544715,0.00351835,0.042084988,down
0.042243898,0.041472557,0.043303645,0.042752652,0.004311057,0.041591998,up
0.043327511,0.042116592,0.041926492,0.042111857,0.009347209,0.042628383,down
0.039286763,0.041769842,0.040472125,0.043209187,0.006386312,0.038740403,up
0.038814261,0.037971085,0.039915234,0.0392764,0.003351675,0.038281529,up
0.038626702,0.03741049,0.039523877,0.038775602,0.002859118,0.038096197,up
0.038987391,0.037999065,0.039502194,0.03860112,0.003784097,0.038437048,down
0.037884713,0.037694784,0.037785512,0.038887805,0.006968281,0.037373309,up
0.036413102,0.037557384,0.036503554,0.037902164,0.009206636,0.035954888,up
0.043263102,0.042214021,0.036873756,0.036508883,0.01292351,0.042526342,down
0.042970429,0.041985187,0.0441879,0.043195805,0.004738232,0.042240199,up
0.04352692,0.041926229,0.043064071,0.042946178,0.00583182,0.042769764,down
0.043265678,0.043376682,0.043457543,0.043376978,0.00653817,0.042513126,up
0.043024532,0.041671413,0.040089229,0.043242642,0.011607168,0.042276467,up
0.048731148,0.048577427,0.04328249,0.042913752,0.014641226,0.047746378,down
0.05607323,0.055786722,0.044682914,0.048636135,0.021282837,0.054784391,down
0.050285202,0.054203865,0.05176859,0.055911353,0.014350515,0.049225655,up
0.049110386,0.048441026,0.050562787,0.050203897,0.007647867,0.048092147,up
0.047926296,0.047806983,0.049245924,0.049066935,0.009200721,0.046950341,up
0.046124912,0.046392505,0.047236253,0.047861518,0.00607924,0.045217194,up
0.045968785,0.044426924,0.046630179,0.046081187,0.004038808,0.045061982,up
0.046581956,0.044866107,0.045973863,0.045952513,0.007744603,0.04564441,down
0.046715926,0.045209359,0.047014132,0.04658353,0.00824154,0.045766736,down
0.044639388,0.045035484,0.045973863,0.046708086,0.009806685,0.043770496,up
0.043274953,0.043243278,0.044356607,0.044509307,0.006898644,0.042457496,up
0.042684969,0.041900748,0.043967894,0.043192202,0.005072278,0.041887361,up
0.042826668,0.041224736,0.042144382,0.042603905,0.005906826,0.042017371,down
0.043987572,0.042415376,0.043409417,0.042739785,0.005657728,0.043124446,down
0.04103559,0.042497317,0.042263905,0.043931819,0.011439957,0.040291599,up
0.039453195,0.040032097,0.040649293,0.040975409,0.008271198,0.03877083,up
0.03772498,0.037958594,0.038811502,0.039417941,0.00640649,0.037110832,up
0.037292668,0.036312782,0.038393702,0.037698859,0.004059539,0.036692528,up
0.037212286,0.035926561,0.038331296,0.037278353,0.003021581,0.03661108,up
0.037228775,0.03598302,0.038210187,0.037166149,0.002419098,0.036622452,down
0.036927857,0.035871601,0.038042538,0.03718159,0.003193717,0.036329855,up
0.036607874,0.035497871,0.037730511,0.036876891,0.003387458,0.036020046,up
0.036665069,0.035318,0.037669163,0.036525868,0.00330238,0.036059694,down
0.036661462,0.035347979,0.037618392,0.03670035,0.003067415,0.036063382,up
0.036694955,0.035669247,0.037677624,0.036652998,0.003305128,0.036089814,down
0.036148253,0.035342483,0.037258767,0.036628807,0.003092249,0.035562094,up
0.036390946,0.03498674,0.037013904,0.036095583,0.002284398,0.035788919,down
0.036301804,0.035101157,0.03741055,0.036348813,0.00213882,0.03569948,up
0.036143101,0.034973249,0.037238141,0.03625308,0.002762285,0.035544268,up
0.036047261,0.034981743,0.037042463,0.03615117,0.003240789,0.035447452,up
0.035847851,0.034823857,0.036714569,0.036013232,0.003925166,0.035251978,up
0.035564968,0.034528071,0.036660096,0.035811986,0.004755431,0.034976899,up
0.036320869,0.034920288,0.036289365,0.035527874,0.004342016,0.035695177,down
0.036230697,0.034940273,0.037159341,0.036308667,0.002420504,0.035604508,up
0.03657129,0.035159115,0.036984817,0.03616867,0.002797607,0.035924767,down
0.035504166,0.035311505,0.036597691,0.036518148,0.005233113,0.034901291,up
0.034912121,0.034160836,0.03599003,0.035428538,0.003255472,0.034330849,up
0.034408702,0.033644209,0.035472275,0.034858255,0.003406864,0.033846465,up
0.034411278,0.033121586,0.035382369,0.034338928,0.002754139,0.033844314,down
0.034212899,0.033148567,0.035272366,0.034349737,0.002476326,0.033650376,up
0.034365419,0.03319903,0.035198854,0.034155182,0.002086747,0.033791757,down
0.034678188,0.033358415,0.035121641,0.034327605,0.002185786,0.034086198,down
0.034623054,0.033330435,0.035383956,0.034650319,0.002724627,0.034029339,up
0.034838437,0.033589249,0.035325781,0.03458032,0.003484408,0.034230346,down
0.035205309,0.033860053,0.035612952,0.034801639,0.003091108,0.034576115,down
0.034581833,0.033940995,0.035486555,0.035149573,0.005329639,0.033977396,up
0.034150036,0.033333933,0.03516818,0.034526792,0.00243076,0.033561552,up
0.035212523,0.034021437,0.034503402,0.034103712,0.006345243,0.034571504,down
0.035209947,0.034059409,0.03590647,0.03516347,0.004520093,0.03456505,down
0.034636967,0.03389153,0.035505593,0.035161926,0.003544975,0.034013664,up
0.034851834,0.034029431,0.035644155,0.034615834,0.004434977,0.034214363,down
0.033114859,0.03362872,0.034032716,0.034781566,0.005807363,0.032552828,up
0.032837644,0.032034871,0.033832807,0.033104689,0.002902112,0.032284512,up
0.032642356,0.031563211,0.033544578,0.03276499,0.002522656,0.032073055,up
0.032807243,0.031512248,0.032884031,0.032611096,0.003249439,0.032226422,down
0.03340238,0.032106319,0.033767757,0.032766534,0.002591013,0.032789488,down
0.033340547,0.032164777,0.034316715,0.033351228,0.002527971,0.032726481,up
0.033716179,0.032399607,0.034147479,0.033305934,0.002766585,0.033079626,down
0.033045813,0.033250493,0.034009975,0.033704309,0.005435479,0.032436957,up
0.032698521,0.031898469,0.033681024,0.033013587,0.003221866,0.032101945,up
0.033092702,0.03178605,0.033549338,0.032667712,0.002608825,0.032473225,down
0.03273562,0.031961923,0.033531356,0.033099542,0.002392997,0.032129607,up
0.032720677,0.031624667,0.033435104,0.032682638,0.00213501,0.032111781,down
0.031978688,0.031595688,0.032790951,0.032673374,0.004071218,0.031402416,up
0.034721471,0.033536287,0.032399594,0.031925007,0.007129368,0.034008439,down
0.034088719,0.033289465,0.03473663,0.034608114,0.003440189,0.033402652,up
0.032608348,0.033070623,0.033625494,0.03403989,0.00535569,0.031990377,up
0.032675334,0.031713603,0.033114614,0.032556538,0.003951942,0.032050311,down
0.033266863,0.031954929,0.033368467,0.032602346,0.004102987,0.032608459,down
0.032038975,0.032268702,0.03302841,0.033251891,0.005533306,0.03143684,up
0.031920978,0.030771783,0.032716911,0.031973903,0.003284148,0.031320661,up
0.031416529,0.03067935,0.032393248,0.031904934,0.003911708,0.030837199,up
0.030358679,0.030236669,0.031316488,0.031389724,0.003608487,0.029827554,up
0.03016906,0.029471721,0.031106001,0.03032379,0.003671483,0.029644066,up
0.030331885,0.02911348,0.031047826,0.030126661,0.002490153,0.029795282,down
0.030355588,0.02930734,0.031116049,0.030297026,0.002165311,0.029814338,down
0.029094207,0.029160946,0.030003327,0.030308349,0.003175541,0.028611677,up
0.028975179,0.027956316,0.029889093,0.029049404,0.002227245,0.028494576,up
0.02896642,0.027847894,0.029760579,0.028948009,0.002269459,0.028483511,up
0.029351327,0.028195143,0.029747358,0.028930509,0.00279066,0.028846492,down
0.029417281,0.028288576,0.030169918,0.029313443,0.002629783,0.028905503,down
0.029541461,0.028368018,0.030310595,0.02937675,0.002315868,0.029020145,down
0.029400277,0.028396498,0.030323287,0.029502336,0.00157061,0.028883374,up
0.029463655,0.028356527,0.030243429,0.029348957,0.00151764,0.028939927,down
0.029293616,0.028315556,0.030223333,0.029437999,0.002319266,0.028775187,up
0.02924312,0.028193145,0.030118618,0.029253223,0.002465088,0.028724474,up
0.029492511,0.028318554,0.030168331,0.029222342,0.003755022,0.028957753,down
0.028377981,0.028355527,0.029244411,0.029473513,0.00422569,0.027896319,up
0.028253286,0.027318276,0.029122773,0.028337066,0.00271093,0.027775284,up
0.028374375,0.027212353,0.029144457,0.028221774,0.001526366,0.027886576,down
0.02828008,0.027244829,0.029183064,0.028343242,0.001656515,0.027793203,up
0.028036357,0.027147899,0.028891132,0.028240818,0.002567894,0.02755851,up
0.028029144,0.026943547,0.028872622,0.028029793,0.002263368,0.027548153,up
0.027913208,0.026943047,0.028774783,0.028003543,0.002735949,0.027434279,up
0.028007502,0.026855111,0.028767379,0.027884649,0.00196928,0.027520368,down
0.027951853,0.026881092,0.028819207,0.027983985,0.001843292,0.027463969,up
0.028105404,0.02695254,0.028777956,0.027920163,0.001526634,0.027606426,down
0.027898265,0.027014496,0.028791178,0.028079203,0.002244277,0.027406495,up
0.027681336,0.026739694,0.028484967,0.027860973,0.002234436,0.027197405,up
0.027645268,0.026593799,0.028522517,0.027652521,0.002214979,0.027160246,up
0.02770813,0.026582308,0.028509824,0.02760311,0.001924016,0.027216706,down
0.027799849,0.026665248,0.028483381,0.027677226,0.001953372,0.027299875,down
0.027428339,0.026659752,0.028284529,0.027773474,0.002361602,0.026944086,up
0.027528301,0.026421923,0.028250682,0.027402379,0.001305475,0.027034847,down
0.027539122,0.02648188,0.028373907,0.027495024,0.001363437,0.027041486,down
0.027190799,0.02641343,0.028043369,0.027505833,0.002022363,0.026708349,up
0.027246449,0.0261776,0.028065581,0.027169222,0.002694327,0.026757986,down
0.027571584,0.026432416,0.028048128,0.027212971,0.003352556,0.027062201,down
0.027863227,0.026728702,0.028685934,0.027787371,0.002930319,0.027335374,down
0.027895173,0.026799151,0.028703387,0.027834723,0.00217881,0.027362482,down
0.027710192,0.026760679,0.028575931,0.027867664,0.001922204,0.027184188,up
0.027758627,0.026645762,0.028540498,0.027667447,0.001438141,0.027226142,down
0.027760173,0.026715711,0.028622471,0.027718402,0.002605313,0.027224359,down
0.027932273,0.026807145,0.028644154,0.027727666,0.00237464,0.027383935,down
0.027842101,0.026850114,0.028710791,0.027909354,0.001888572,0.027295234,up
0.027799849,0.026812142,0.028631991,0.027835238,0.003526413,0.027251744,up
0.027747291,0.02667574,0.028552133,0.027783768,0.002934573,0.027198357,up
0.028593364,0.027693006,0.028292991,0.027705535,0.00296807,0.027995071,down
0.028568116,0.02750714,0.029450138,0.028569708,0.001768558,0.027967255,up
0.028744338,0.027593577,0.029337491,0.028536253,0.00258798,0.028130919,down
0.028140442,0.027690507,0.028997962,0.028714337,0.003517704,0.027556605,up
0.027931242,0.026979521,0.02871608,0.028108026,0.003027705,0.02735526,up
0.027722043,0.026794155,0.028535209,0.027897001,0.003174391,0.027154037,up
0.02784983,0.026705219,0.028384484,0.027698844,0.003338738,0.027271906,down
0.027313949,0.026844618,0.028099428,0.027803841,0.003988795,0.026761336,up
0.026126767,0.026228063,0.026894154,0.027267529,0.006550713,0.025636649,up
0.025964972,0.025035924,0.026722275,0.026100715,0.003232353,0.025480239,up
0.026126767,0.0250694,0.026775161,0.025933953,0.003107032,0.025630011,down
0.026231882,0.025146844,0.026871942,0.026097112,0.003061622,0.025726672,down
0.026052568,0.025171826,0.026896799,0.026201595,0.002830961,0.025553942,up
0.026050507,0.025067901,0.026862952,0.026027113,0.004511284,0.025548717,up
0.025832032,0.024955982,0.026665687,0.026016819,0.003500446,0.025339042,up
0.026327722,0.025246272,0.026606983,0.025813,0.002384444,0.025804309,down
0.026240126,0.025284744,0.027042235,0.026312254,0.001929645,0.025718804,up
0.026365337,0.025276251,0.026952858,0.026214977,0.005590735,0.025834153,down
0.026531769,0.025433137,0.027200894,0.026339533,0.002243069,0.025988135,down
0.0267049,0.025726925,0.027294502,0.02650578,0.003460493,0.026148357,down
0.026423562,0.025675962,0.0272395,0.026677688,0.002935903,0.025879364,up
0.026456024,0.025461617,0.027219933,0.026397694,0.001486765,0.025906411,down
0.026154076,0.025394665,0.026968195,0.026417767,0.001780497,0.025618393,up
0.026064419,0.02516583,0.026900501,0.026105347,0.002004098,0.025530245,up
0.026031957,0.025143347,0.026860836,0.026037922,0.002392762,0.025496252,up
0.026240641,0.025298235,0.026755064,0.025981305,0.002163985,0.025690712,down
0.025698577,0.025340704,0.026505971,0.026198507,0.002330198,0.025176638,up
0.02586604,0.024932998,0.026321927,0.025673517,0.002282254,0.025331574,down
0.026644098,0.025537062,0.026403372,0.025839764,0.002432803,0.026061684,down
0.026735301,0.025741914,0.02747167,0.026617983,0.001707572,0.026144054,down
0.0268095,0.025748909,0.027409794,0.026719378,0.002783793,0.02621081,down
0.026980569,0.026130134,0.027690619,0.026799671,0.003005975,0.026369157,down
0.026750243,0.026252046,0.027545182,0.02695305,0.004196954,0.026148449,up
0.02692492,0.025807867,0.027461622,0.026731731,0.003749061,0.026310423,down
0.027012516,0.025902798,0.02763403,0.026899007,0.002447192,0.026389657,down
0.026756427,0.026128635,0.027568981,0.026983417,0.003336707,0.026145314,up
0.026099973,0.025673464,0.026651407,0.026730702,0.003269542,0.025523145,up
0.026267435,0.025167829,0.026678379,0.02607498,0.002654164,0.025677373,down
0.025651688,0.025228785,0.026456258,0.026242256,0.005136083,0.025093961,up
0.024741206,0.024922006,0.025174828,0.025628224,0.008604908,0.024232766,up
0.027716375,0.026895082,0.024634332,0.024655965,0.013762673,0.027031651,down
0.028654166,0.027558103,0.028576989,0.027682373,0.004993244,0.027911594,down
0.03022574,0.029015051,0.029554853,0.028629927,0.004528903,0.029387736,down
0.030324156,0.029161945,0.031132973,0.030193057,0.001493339,0.029477482,down
0.030226255,0.02914096,0.031163647,0.030292908,0.002426612,0.029381589,up
0.030194308,0.029130967,0.031147781,0.030192028,0.003505765,0.029348395,up
0.030046941,0.029123972,0.030828349,0.030157028,0.006066067,0.029206399,up
0.030180911,0.029062517,0.030692432,0.030024752,0.009324473,0.029329339,down
0.030543146,0.029342315,0.031089606,0.030144161,0.0031596,0.029667424,down
0.030241713,0.029406269,0.031057875,0.030513712,0.004837904,0.029380667,up
0.030000567,0.029069512,0.030832051,0.030219307,0.002796973,0.029150461,up
0.030731735,0.029579643,0.030736856,0.029965047,0.005508471,0.029835545,down
0.030747708,0.029561656,0.031460867,0.030705694,0.002417731,0.029846917,down
0.031138283,0.029896914,0.031616881,0.030740178,0.003850088,0.030210512,down
0.031134676,0.029914402,0.031842704,0.031109729,0.002447578,0.030204058,up
0.031498972,0.030327603,0.03189559,0.031122597,0.002794154,0.030543065,down
0.030580761,0.030368574,0.031544427,0.031449428,0.003001508,0.02967603,up
0.030672994,0.029573648,0.03140375,0.030487463,0.001991454,0.029759015,down
0.030435455,0.029604625,0.031388413,0.030615107,0.003306281,0.02953219,up
0.030113411,0.029395776,0.03106475,0.03034901,0.004012644,0.029226377,up
0.030725552,0.029685567,0.031146723,0.030163205,0.005394368,0.029798356,down
0.029874326,0.03001333,0.03074003,0.030682018,0.005676438,0.028994942,up
0.029884631,0.029232394,0.030644835,0.029812697,0.004406913,0.029001397,down
0.029993868,0.028865659,0.030448098,0.029900195,0.004181307,0.029100056,down
0.030806964,0.029569651,0.030032414,0.029982547,0.007453555,0.029857674,down
0.029483236,0.029586139,0.030194774,0.030783413,0.005835721,0.028607066,up
0.031410346,0.030371572,0.028891661,0.029447264,0.010706969,0.030409675,down
0.031015133,0.030345091,0.031990256,0.031339798,0.005541695,0.030031327,up
0.031674164,0.030424533,0.031707316,0.030994952,0.005353551,0.030642339,down
0.03041639,0.030433027,0.030937295,0.0316656,0.003739844,0.029454738,up
0.032795391,0.031497759,0.030857965,0.030378862,0.005313111,0.03167811,down
0.031340269,0.031434304,0.032306515,0.03269705,0.004593337,0.030305791,up
0.031122825,0.030557438,0.031946361,0.031286785,0.005519462,0.030093719,up
0.029478083,0.030020325,0.030202178,0.031134435,0.005710292,0.028544059,up
0.029659973,0.028485434,0.029761637,0.029412779,0.005856109,0.02870757,down
0.030380321,0.029213408,0.030263526,0.029778727,0.005685331,0.029375134,down
0.028898919,0.029014551,0.029351241,0.03020438,0.005003606,0.027979887,up
0.030783777,0.029549665,0.02916138,0.028871319,0.004462077,0.029738115,down
0.030750285,0.030836236,0.030728395,0.030711355,0.005193303,0.029698467,down
0.028704663,0.030336597,0.02960245,0.03072062,0.009290158,0.027776698,up
0.027254693,0.027718487,0.026052208,0.028593899,0.010512783,0.026413477,up
0.030782747,0.030183707,0.027603885,0.027159958,0.011055235,0.029708609,down
0.034388091,0.033042144,0.030332278,0.030790104,0.012882189,0.033073172,down
0.035833424,0.034451126,0.035285587,0.034422823,0.007200808,0.03441537,down
0.035460368,0.034578035,0.035967818,0.035789339,0.005593042,0.034056078,up
0.035051759,0.035146124,0.035349051,0.035400744,0.010481573,0.033665129,up
0.036068387,0.035014719,0.03443042,0.035023987,0.015121341,0.034606542,down
0.032359988,0.034932779,0.033370583,0.035919557,0.011275094,0.031133485,up
0.031801436,0.031064571,0.032103432,0.032221986,0.004042529,0.030603921,up
0.032771174,0.031474276,0.031587264,0.031763393,0.007711882,0.031502305,down
0.031078512,0.032048861,0.031676642,0.032732049,0.01008628,0.029913305,up
0.027885383,0.030491985,0.028638337,0.031105612,0.011503762,0.026925707,up
0.026287531,0.026608788,0.027137959,0.027706049,0.003334971,0.025427405,up
0.02614171,0.025210298,0.026855548,0.026200051,0.002690408,0.025284672,up
0.026469421,0.025363687,0.026729679,0.026053877,0.002871174,0.025583293,down
0.02621024,0.025395664,0.02684497,0.026414679,0.003247245,0.025334862,up
0.026636884,0.025766397,0.026547751,0.026155272,0.00440104,0.025726211,down
0.026077816,0.025577033,0.026922713,0.02661541,0.002906324,0.025197938,up
0.026011346,0.025394165,0.02663607,0.026071892,0.002769366,0.025128354,up
0.025825849,0.025759901,0.026374813,0.025956085,0.003862208,0.024950152,up
0.024175439,0.02498596,0.024929966,0.025773883,0.004998824,0.023407223,up
0.024115153,0.023272697,0.024726883,0.024167004,0.002412965,0.023345538,up
0.023836907,0.023409099,0.024333411,0.024112961,0.003490386,0.023080233,up
0.02399561,0.023585971,0.024070038,0.023828335,0.005688058,0.023222905,down
0.023700875,0.023472553,0.024191676,0.023955464,0.003569961,0.022942786,up
0.023649864,0.023952706,0.023621564,0.023562752,0.006119595,0.022889123,down
0.020844218,0.022928945,0.021533622,0.023758851,0.007481368,0.020274433,up
0.019838927,0.020164941,0.020519267,0.020846705,0.006792637,0.019334649,up
0.019640548,0.018940325,0.020222047,0.019813196,0.002615398,0.019145597,up
0.019454535,0.018773446,0.020124737,0.019618642,0.002616539,0.018967918,up
0.019363332,0.018613561,0.02001209,0.019432322,0.0026397,0.01887808,up
0.019108789,0.01847616,0.019741842,0.019338133,0.002002038,0.018635304,up
0.019308198,0.018430193,0.019753477,0.019089535,0.001543741,0.018814274,down
0.019295317,0.018447681,0.019894683,0.019288722,0.001673983,0.018797462,up
0.019028407,0.018461171,0.019666215,0.019262472,0.003319487,0.018544974,up
0.019890454,0.018989789,0.019736024,0.019058138,0.003908441,0.019341041,down
0.019847686,0.01905824,0.020507632,0.019877019,0.003523455,0.019295861,up
0.019864175,0.019011773,0.020524027,0.019833784,0.002569107,0.019306126,down
0.020048641,0.019168161,0.020488593,0.019853343,0.002362345,0.019472126,down
0.019954347,0.019192643,0.020621866,0.020028854,0.00107627,0.019379983,up
0.019957439,0.01910021,0.020586433,0.019931062,0.001441023,0.019377954,down
0.019907458,0.019111202,0.020515565,0.019931062,0.002432548,0.019326227,up
0.019783793,0.019005778,0.020293444,0.019884739,0.002390778,0.019206545,up
0.019701865,0.018987291,0.02037859,0.019779741,0.00200299,0.019126327,up
0.020199616,0.019354526,0.020277578,0.019685037,0.002353309,0.019581635,down
0.020080588,0.019382006,0.020678454,0.02017863,0.002208037,0.019465272,up
0.020091924,0.019229117,0.020649367,0.020079294,0.001571319,0.019470036,up
0.020154272,0.019292071,0.020720234,0.020078779,0.001489496,0.01952247,down
0.019551406,0.019327046,0.020178152,0.020133337,0.002933923,0.018959036,up
0.019488028,0.01868401,0.020115218,0.019535261,0.001996094,0.018895076,up
0.019666826,0.018777443,0.020101996,0.019470409,0.001994689,0.019054775,down
0.019386004,0.018813417,0.019942809,0.01965467,0.002370521,0.018789655,up
0.019756999,0.018880368,0.019898385,0.019364897,0.00374482,0.019127495,down
0.01957923,0.018882367,0.020223634,0.019735992,0.001585796,0.018957899,up
0.019924461,0.019037755,0.02021147,0.019552761,0.002788181,0.019271488,down
0.019627151,0.019027262,0.020122622,0.019901724,0.001946497,0.0189914,up
0.019401978,0.018735973,0.019627079,0.019588275,0.002987111,0.018778836,up
0.020495381,0.01961184,0.020022667,0.019365926,0.003805139,0.019783933,down
0.020257841,0.019655809,0.020947644,0.020467374,0.003192966,0.019559168,up
0.020127478,0.019588857,0.020522969,0.020227526,0.003533594,0.019434476,up
0.019686407,0.01926559,0.02027652,0.020079809,0.002741021,0.019022873,up
0.01944423,0.018772446,0.020033244,0.019653641,0.001997965,0.018794542,up
0.019641578,0.018748963,0.020023725,0.019419969,0.002346945,0.018971514,down
0.01921545,0.018785937,0.019854489,0.019609892,0.002741285,0.018573373,up
0.018901135,0.018411207,0.019508614,0.019196077,0.002937836,0.01827847,up
0.018560026,0.018059961,0.019174903,0.018893436,0.002095502,0.017959072,up
0.018503862,0.017722704,0.019121488,0.018537267,0.002215495,0.017902827,up
0.018659989,0.017827628,0.019068073,0.018476018,0.002066783,0.018041196,down
0.018604855,0.017890583,0.019221443,0.018639176,0.001532633,0.017986303,up
0.018340006,0.01775568,0.018980811,0.018594913,0.002179024,0.017737472,up
0.018314758,0.017527845,0.018905713,0.018315433,0.001779642,0.017708827,up
0.018401838,0.017592298,0.018900953,0.018287125,0.002777182,0.017783944,down
0.018258078,0.017623276,0.018896722,0.01836227,0.00284717,0.017646866,up
0.018208097,0.01739644,0.018774556,0.018222788,0.00200896,0.017595907,up
0.018090615,0.017381451,0.01870739,0.018175436,0.002962524,0.01748231,up
0.018153478,0.017304007,0.018561954,0.018064776,0.001968906,0.017534806,down
0.018261685,0.017527345,0.018726958,0.018113158,0.002542024,0.017629408,down
0.018298269,0.017442407,0.018774027,0.018236685,0.002307269,0.017658576,down
0.018332277,0.017485875,0.018890905,0.018270655,0.002358968,0.017684946,down
0.018164299,0.017472385,0.018778787,0.018302566,0.00242722,0.017525401,up
0.018178727,0.017376454,0.018725372,0.01816926,0.002004211,0.017533269,up
0.018172028,0.017338482,0.01873066,0.018141466,0.001476458,0.017522696,down
0.018030329,0.017363464,0.018662966,0.018139922,0.00179643,0.017388169,up
0.017944794,0.017168105,0.018525991,0.017990146,0.00202944,0.017304693,up
0.017867503,0.017178097,0.018495846,0.017926838,0.002406128,0.017229699,up
0.017948401,0.017101153,0.018349881,0.017828531,0.002650229,0.017299468,down
0.018333308,0.017569315,0.0183594,0.01791603,0.003043609,0.017647296,down
0.018449243,0.017602291,0.018920521,0.01831286,0.002754629,0.017747769,down
0.018015901,0.017699221,0.018625417,0.018443078,0.002868171,0.017346185,up
0.017976225,0.017209075,0.018548732,0.017989116,0.001753188,0.01730457,up
0.017931912,0.017163608,0.018511712,0.017949999,0.002084994,0.017259543,up
0.018030329,0.017193586,0.01850801,0.017909338,0.002747242,0.017345232,down
0.018016932,0.017223065,0.018606907,0.017994263,0.002457684,0.017328021,down
0.017757751,0.017178597,0.018351467,0.017996837,0.002682916,0.017086136,up
0.017772694,0.016930776,0.018237762,0.017750812,0.002466544,0.017095203,down
0.017617082,0.016991232,0.01823882,0.017773459,0.001807618,0.016948382,up
0.017558341,0.016808864,0.018071171,0.017603095,0.002330945,0.016890538,up
0.018140081,0.017287019,0.018013525,0.017557287,0.004282322,0.017417767,down
0.018003019,0.017309503,0.018634936,0.018127055,0.003384119,0.017288065,up
0.017951492,0.017144122,0.018530222,0.01794125,0.002614643,0.017236,up
0.017925729,0.017166106,0.018481567,0.017931985,0.002681591,0.017207355,up
0.017812885,0.017093658,0.018439787,0.017911912,0.003876223,0.017099506,up
0.017681491,0.017089661,0.018304398,0.017789414,0.002997938,0.016975183,up
0.0181947,0.017349474,0.018222425,0.017663829,0.003769398,0.017439066,down
0.017969527,0.017455897,0.018588397,0.018182127,0.002983125,0.01722847,up
0.017840709,0.017135128,0.018389545,0.017947426,0.003279005,0.017106206,up
0.017796911,0.017061182,0.018302812,0.01783059,0.002817113,0.017060933,up
0.017826282,0.017071674,0.018275311,0.017784782,0.002829673,0.017082878,down
0.017481051,0.017055686,0.018022516,0.017802797,0.003477826,0.016763418,up
0.017107995,0.01685533,0.017465625,0.017462583,0.003706457,0.016419094,up
0.017636662,0.016822854,0.017373604,0.01709509,0.005559482,0.016896132,down
0.018206551,0.017518352,0.018267378,0.01762883,0.003691506,0.017410267,down
0.018313212,0.017527845,0.018715323,0.018180068,0.004095394,0.017503272,down
0.018891345,0.018054964,0.018957541,0.018300507,0.003024471,0.018024722,down
0.019035105,0.01824133,0.019398082,0.018873363,0.003021975,0.018150705,down
0.018804264,0.018334263,0.019364764,0.019006154,0.002426242,0.017936113,up
0.018759436,0.018042973,0.018948551,0.018789982,0.002104853,0.017891025,up
0.018773348,0.017970525,0.019174903,0.018739542,0.001637541,0.017898708,down
0.018350311,0.0178666,0.018832201,0.018720498,0.002459437,0.017509203,up
0.018371438,0.01764526,0.018768738,0.018328815,0.002850073,0.017523249,down
0.018161207,0.017536838,0.01842445,0.018349918,0.002721946,0.017328205,up
0.019052109,0.018251822,0.018631234,0.018133231,0.003456117,0.018134108,down
0.019090239,0.018211351,0.019429814,0.019008728,0.003462003,0.018164228,down
0.019027376,0.018661027,0.019226732,0.019062771,0.003648071,0.018102943,up
0.018194185,0.018357746,0.018831144,0.018978361,0.00382306,0.017340868,up
0.01825241,0.017414427,0.018619599,0.018135804,0.00221719,0.01738903,down
0.017935004,0.017559322,0.018515943,0.018217126,0.003099867,0.017095356,up
0.017475898,0.017317996,0.018047372,0.017905736,0.003370066,0.016673426,up
0.017154885,0.016706938,0.017764432,0.01745126,0.002946352,0.016378032,up
0.017471261,0.016778886,0.017569811,0.017075532,0.002987354,0.01666021,down
0.016716905,0.016621499,0.0173149,0.017437878,0.003004105,0.015970916,up
0.016289747,0.015853554,0.016876475,0.016646791,0.002477295,0.015578768,up
0.016034688,0.015508303,0.016609929,0.016255622,0.002692544,0.015342262,up
0.016159383,0.015417369,0.016440693,0.016018348,0.003000153,0.015450049,down
0.015852282,0.015534784,0.016407904,0.016121287,0.003451335,0.01516658,up
0.015711614,0.015123581,0.016255592,0.015832028,0.002200712,0.01503442,up
0.015883714,0.015254986,0.016278333,0.015699237,0.001879906,0.015185697,down
0.015870832,0.01530445,0.016361364,0.015862395,0.001435456,0.015169285,up
0.016390224,0.015592242,0.01622862,0.015857248,0.001946111,0.015633322,down
0.016509252,0.015815082,0.016925659,0.016373488,0.001718563,0.015735424,down
0.015544151,0.015841063,0.016101694,0.016529955,0.002786624,0.014857693,up
0.015774992,0.015008664,0.015999095,0.015519093,0.00180701,0.015061005,down
0.01568585,0.01505513,0.01625665,0.015750706,0.001573991,0.014975439,up
0.015501899,0.015164551,0.015994335,0.015679164,0.002047101,0.014804552,up
0.01596255,0.015278469,0.01598746,0.015458359,0.001469771,0.015215725,down
0.015992436,0.015306948,0.016445453,0.015946291,0.001150538,0.015236902,down
0.016056329,0.015479824,0.015861591,0.016009083,0.00349305,0.015289797,down
0.016831295,0.016035422,0.016617333,0.016051288,0.00236555,0.015985054,down
0.016691657,0.016102374,0.017254081,0.016806861,0.001869557,0.015854737,up
0.016668985,0.016148841,0.017190089,0.016661717,0.002319367,0.01582935,up
0.017200744,0.016376176,0.017083259,0.0166401,0.002357768,0.016303837,down
0.01646803,0.016534562,0.017028258,0.017218617,0.002180002,0.015638117,up
0.016175872,0.015987457,0.016735798,0.016421869,0.002239679,0.015369462,up
0.01758359,0.016780385,0.016381461,0.016164521,0.003720472,0.016632825,down
0.018092676,0.017403435,0.018021987,0.01759383,0.002746877,0.017087273,down
0.016037264,0.017522849,0.016451271,0.018106981,0.004986239,0.015230755,up
0.016412896,0.015647203,0.01657661,0.016044083,0.001844194,0.015564998,down
0.016139803,0.015665689,0.016454973,0.016405399,0.002162345,0.015314293,up
0.016419079,0.015808586,0.016635843,0.016154742,0.001781261,0.015561187,down
0.015281363,0.015788601,0.015304172,0.016424442,0.004928852,0.014533162,up
0.018639893,0.017771669,0.015802358,0.015229835,0.006313151,0.017551587,down
0.018745008,0.017925058,0.019161682,0.018625794,0.001723618,0.017641456,down
0.018867643,0.018018491,0.01898134,0.018731822,0.007174674,0.017746693,down
0.019563772,0.018667522,0.019576309,0.0189027,0.0047298,0.018367141,down
0.019590566,0.018791433,0.020008388,0.019558422,0.001576982,0.018385182,down
0.019566864,0.018674017,0.019822758,0.019535776,0.001390134,0.01835789,down
0.019831713,0.018990289,0.020168633,0.019516217,0.001234169,0.01859083,down
0.020046065,0.01940449,0.020224163,0.019805476,0.002270957,0.018777085,down
0.018627527,0.01919664,0.019226732,0.020053559,0.003553327,0.017498446,up
0.018722852,0.017852111,0.019081824,0.018564031,0.001308189,0.017579126,down
0.018785199,0.017968027,0.019258463,0.018710719,0.001328329,0.017629992,down
0.018630103,0.017985015,0.019226732,0.01876888,0.001494236,0.017484923,up
0.018811478,0.017946043,0.018995619,0.018610354,0.001542743,0.017642655,down
0.018865066,0.018061959,0.019374284,0.018786894,0.00114266,0.017686084,down
0.018664111,0.018071452,0.0191437,0.018832702,0.001402006,0.017501366,up
0.01841472,0.017905073,0.01867989,0.018639176,0.001809661,0.017272882,up
0.018797051,0.01797852,0.018856529,0.018435872,0.001847114,0.01761026,down
0.018219948,0.01790807,0.018779844,0.018763218,0.002044575,0.017087919,up
0.018283842,0.017747686,0.018666139,0.018212494,0.001962442,0.017140445,down
0.017931912,0.017459894,0.018158433,0.018240288,0.002128252,0.016818772,up
0.019954347,0.019132686,0.017993428,0.017954632,0.00475325,0.018623041,down
0.019907973,0.019173657,0.020442582,0.019930032,0.001519448,0.018575832,up
0.0193015,0.019181151,0.019967137,0.019896062,0.002277845,0.018028748,up
0.018973273,0.018485154,0.019625493,0.019248061,0.001858524,0.017729789,up
0.019010372,0.018443184,0.019567318,0.018947994,0.002012857,0.017757788,down
0.019288618,0.018495147,0.019133123,0.019054536,0.003137081,0.018001579,down
0.020287727,0.01939,0.019504912,0.019262987,0.00304352,0.018889052,down
0.020355742,0.019536894,0.020690618,0.020273334,0.001889202,0.018944129,down
0.019958985,0.019516909,0.020594365,0.020340244,0.002406333,0.018583577,up
0.019903851,0.019151173,0.020272818,0.019952164,0.001892797,0.018528899,up
0.020441277,0.019518408,0.020007859,0.019892974,0.004408339,0.019002956,down
0.019342206,0.019523904,0.020009445,0.020427743,0.003367024,0.018015624,up
0.018795505,0.01861556,0.019299714,0.019339677,0.00535439,0.017521467,up
0.018712546,0.018342757,0.019078122,0.01880285,0.002189474,0.017442662,up
0.019777609,0.019712767,0.018256801,0.018867186,0.005416182,0.018387149,down
0.017868534,0.018855386,0.018496904,0.01973908,0.004534188,0.016679573,up
0.018008172,0.017235056,0.018299639,0.017862501,0.002067329,0.016797012,down
0.017825251,0.017415426,0.018021458,0.017969558,0.003694069,0.016628768,up
0.016862212,0.017037699,0.0171573,0.017866619,0.002304869,0.015765698,up
0.016564901,0.016258761,0.016917197,0.016836199,0.00254207,0.015496244,up
0.016543259,0.016400659,0.017006045,0.016488265,0.003142211,0.015472117,down
0.015211802,0.015750128,0.015744184,0.016497015,0.002660637,0.014282334,up
0.015085045,0.014437576,0.015349125,0.015170645,0.001381249,0.014165325,up
0.014985598,0.014774833,0.015436387,0.015061015,0.002007592,0.014072905,up
0.015115446,0.014373123,0.015015943,0.014965281,0.002152134,0.014183644,down
0.015917206,0.01520752,0.015391434,0.015135131,0.00241607,0.014892116,down
0.01560959,0.015378896,0.016122319,0.015898424,0.002887979,0.014613719,up
0.014889758,0.014858272,0.015344365,0.015588063,0.001575275,0.013970158,up
0.014872754,0.01423872,0.015159264,0.014872121,0.001424562,0.013950764,up
0.014600691,0.014441074,0.014931854,0.014906091,0.002194864,0.013705499,up
0.013386715,0.014599459,0.013893171,0.014630215,0.004331193,0.012623104,up
0.012961618,0.012719317,0.013287097,0.013370755,0.001628031,0.012241682,up
0.013114137,0.012416036,0.013358493,0.012950764,0.001111869,0.012373627,down
0.013183184,0.012518961,0.013526142,0.013105172,0.001032848,0.01243061,down
0.0133187,0.012613393,0.013524555,0.013181862,8.63E-04,0.012546297,down
0.013066733,0.012670852,0.013436764,0.013304874,0.001063119,0.012318858,up
0.013289329,0.012586413,0.013046465,0.013052159,0.002109866,0.012511966,down
0.013715458,0.013029093,0.013736628,0.013264728,0.001768319,0.012886042,down
0.01371082,0.01308905,0.014020627,0.013699131,0.001716834,0.012878204,noChange
0.013492861,0.013179984,0.013966154,0.013724865,0.002019619,0.012681285,up
0.012945644,0.012844226,0.013241086,0.013501488,0.001892868,0.012192014,up
0.013631469,0.012995617,0.013325175,0.01295694,0.001734843,0.012795496,down
0.01381542,0.01317149,0.013985193,0.013612662,0.001499879,0.012954796,down
0.013912291,0.013307892,0.013778937,0.013810305,0.002061628,0.01303609,down
0.012654001,0.013516241,0.013106755,0.013882362,0.003172239,0.011918995,up
0.013980306,0.013291404,0.012453083,0.012489082,0.004371675,0.013087756,down
0.016049631,0.015330431,0.013939711,0.013813908,0.003898813,0.014913447,down
0.015757988,0.015524791,0.015726202,0.016049744,0.002742112,0.014651338,up
0.016271197,0.015755125,0.016033471,0.015695119,0.00205385,0.015100531,down
0.015755412,0.0157901,0.016230736,0.016369885,0.002255524,0.014640397,up
0.016465454,0.01605241,0.015257103,0.015751736,0.005026804,0.015263211,down
0.01749754,0.018636544,0.016344441,0.016363194,0.006249136,0.016170171,down
0.01726979,0.021034813,0.01666017,0.017660741,0.010950655,0.015964554,up
0.015116477,0.017154614,0.015449079,0.017241779,0.00852856,0.014059505,up
0.013265112,0.01452951,0.013627683,0.01506822,0.00415555,0.012421851,up
0.012701406,0.012636377,0.013028484,0.01322767,0.001432302,0.011920993,up
0.013397536,0.012901685,0.012889394,0.012648123,0.001918793,0.012531144,down
0.012646788,0.012971135,0.013137429,0.013360461,0.00316499,0.011865055,up
0.012151098,0.012171712,0.01249645,0.012632167,0.002585702,0.011424622,up
0.011603881,0.011580139,0.012067015,0.012156589,0.002011502,0.010939132,up
0.011164871,0.011074504,0.011607435,0.011599174,0.001823722,0.010549012,up
0.011085004,0.010529398,0.011369448,0.011162197,0.001227071,0.010474971,up
0.01097216,0.010967082,0.011418632,0.011078817,0.001797936,0.010372593,up
0.010717617,0.010350027,0.011157375,0.010974334,9.68E-04,0.010145277,up
0.010570765,0.010198637,0.011000832,0.010709266,0.00111522,0.010012717,up
0.010202347,0.010090215,0.010608946,0.010581621,0.001466176,0.009685358,up
0.010347137,0.009803422,0.010487837,0.010182732,9.56E-04,0.009809773,down
0.010051372,0.00980642,0.010455576,0.01034692,0.001175934,0.009547266,up
0.009963261,0.009506137,0.010334996,0.010037074,9.40E-04,0.009466433,up
0.010429581,0.009848389,0.010326006,0.009944428,8.21E-04,0.009873211,down
0.01000912,0.009943821,0.010410094,0.010407654,0.001692327,0.009500917,up
0.009573717,0.009571589,0.009963736,0.010007736,0.001386174,0.0091155,up
0.009460873,0.009063456,0.00986431,0.009567671,9.38E-04,0.009013183,up
0.009325872,0.008979517,0.009697719,0.009447747,0.001032164,0.008891995,up
0.009104821,0.008777663,0.009425885,0.009320103,0.001063035,0.008695199,up
0.009191387,0.008638263,0.009500983,0.009103931,6.10E-04,0.008768256,down
0.009081119,0.008627771,0.00944651,0.009193488,5.86E-04,0.008669074,up
0.009029592,0.00853184,0.009389393,0.009084887,5.48E-04,0.008620758,up
0.008965698,0.008477379,0.009339152,0.009032903,6.08E-04,0.00856227,up
0.008995069,0.008478379,0.009342325,0.008949008,6.57E-04,0.008585751,down
0.009154803,0.008599791,0.009364008,0.008983492,8.45E-04,0.008723045,down
0.008855431,0.008612782,0.009234437,0.009142533,0.001035205,0.008458201,up
0.008741556,0.008285018,0.009069961,0.008850186,8.59E-04,0.008355269,up
0.008761136,0.008214569,0.009118088,0.008741071,4.25E-04,0.008369776,down
0.008692605,0.008231557,0.009065202,0.008765261,5.72E-04,0.0083072,up
0.008695697,0.008193085,0.00904722,0.008691145,7.06E-04,0.008307476,up
0.008630773,0.008188088,0.008995392,0.008704527,7.40E-04,0.008247881,up
0.00866375,0.008152614,0.008995921,0.008627838,7.08E-04,0.008273944,down
0.008786385,0.008256039,0.009011787,0.008660264,8.32E-04,0.00837786,down
0.008467948,0.008233056,0.008828801,0.008786364,9.17E-04,0.008096757,up
0.008534933,0.007992729,0.00882933,0.008457988,4.75E-04,0.008152787,down
0.008583368,0.008036198,0.00887587,0.00853931,4.56E-04,0.008192343,down
0.008546269,0.008137625,0.008892793,0.008580486,8.18E-04,0.008157213,up
0.008340161,0.008048689,0.008713509,0.008549089,9.33E-04,0.007974493,up
0.008370046,0.007858326,0.008676489,0.008330344,6.04E-04,0.007997667,down
0.008165484,0.007885806,0.008440088,0.008347843,9.29E-04,0.007816423,up
0.008384474,0.007827349,0.008514129,0.008166156,7.06E-04,0.008005197,down
0.008393749,0.007884807,0.008746299,0.00837821,4.86E-04,0.008011129,down
0.008468978,0.007926777,0.008755818,0.008392622,4.13E-04,0.008074505,down
0.008502986,0.007983736,0.008813993,0.008468797,7.29E-04,0.00810232,down
0.008274206,0.007780383,0.008641584,0.008306153,6.74E-04,0.007899315,up
0.008334493,0.007827349,0.008560669,0.008269095,7.25E-04,0.007949567,down
0.008346859,0.00922434,0.008688653,0.008331373,6.85E-04,0.00795762,down
0.008353042,0.007888305,0.008590285,0.008348873,7.61E-04,0.007960171,up
0.008591612,0.008063178,0.008662739,0.008342182,6.55E-04,0.008165481,down
0.008829152,0.008272028,0.008949381,0.008585118,6.34E-04,0.008369961,down
0.008750831,0.00832449,0.009138713,0.008836289,6.87E-04,0.008298625,up
0.008751346,0.008330485,0.009004383,0.008752394,7.70E-04,0.008295859,up
0.009012588,0.008486872,0.009111741,0.008736438,8.72E-04,0.008520931,down
0.008829152,0.008554823,0.009210109,0.009016433,0.001007691,0.008358374,up
0.008833274,0.008371456,0.009159339,0.008822907,7.69E-04,0.008359511,down
0.008572547,0.008411427,0.008945679,0.008822393,9.49E-04,0.00812992,up
0.008331916,0.008073171,0.008668556,0.008574309,7.47E-04,0.007918002,up
0.008178366,0.00781136,0.008542158,0.008331373,7.59E-04,0.007781569,up
0.008286573,0.007746407,0.008522062,0.008170788,6.13E-04,0.007873498,down
0.008220103,0.007795372,0.008511484,0.008278874,6.67E-04,0.007812612,up
0.008335008,0.007827349,0.00853211,0.00821917,7.43E-04,0.007909673,down
0.008275752,0.007864322,0.008481868,0.008319021,7.49E-04,0.007855764,up
0.008316458,0.007869818,0.00849985,0.00825211,6.94E-04,0.007888097,down
0.008401478,0.007927277,0.008556966,0.008304609,5.99E-04,0.007959218,down
0.008048518,0.008027204,0.008218496,0.00838799,0.001194677,0.0076503,up
0.008118079,0.007698442,0.008363932,0.008046747,7.99E-04,0.007708236,down
0.007913517,0.00782535,0.008179889,0.008101304,0.001214453,0.007527883,up
0.007294678,0.007582525,0.007088849,0.007884103,0.002442792,0.006989128,up
0.008224225,0.00767346,0.007663721,0.007312276,0.002364409,0.007792511,down
0.008341191,0.007901795,0.008464416,0.008221743,6.52E-04,0.007891232,down
0.008458673,0.008014214,0.008312104,0.008336005,8.54E-04,0.007990475,down
0.00859728,0.008087661,0.008789136,0.008448209,8.52E-04,0.008107729,down
0.008161877,0.008134627,0.008534225,0.008591294,0.001234043,0.007727752,up
0.008098499,0.008136625,0.008315806,0.008145053,0.002433563,0.007670247,up
0.00976076,0.009164883,0.007697568,0.007342129,0.001648179,0.009106064,down
0.009789615,0.009290292,0.010132443,0.00975605,7.87E-04,0.009128317,down
0.009963777,0.009387222,0.010128212,0.009783329,0.001126736,0.00927606,down
0.010152365,0.00959857,0.010353506,0.009939796,6.91E-04,0.009436497,down
0.010080228,0.009638541,0.010363026,0.010152365,0.001016584,0.009371369,up
0.010185858,0.009576586,0.010434951,0.010070014,0.001041515,0.009459732,down
0.010413607,0.009798426,0.010574041,0.010188394,0.001005014,0.009653732,down
0.010091048,0.009784436,0.010501059,0.010394787,9.47E-04,0.009371861,up
0.010149789,0.009616557,0.010422258,0.010090087,7.60E-04,0.009419039,down
0.009925131,0.009615058,0.010309611,0.010121484,8.78E-04,0.009222089,up
0.010884564,0.010261091,0.010322304,0.009911488,0.00233556,0.010047324,down
0.010833037,0.010284075,0.011150499,0.010867792,0.001662342,0.009999839,up
0.010996378,0.01036002,0.011257858,0.010816322,6.68E-04,0.01013747,down
0.011147867,0.010539391,0.011421276,0.010986172,7.24E-04,0.010265297,down
0.010961339,0.010549883,0.011407526,0.01115808,7.99E-04,0.010101418,up
0.011042752,0.010537892,0.01135464,0.010952716,7.81E-04,0.010168236,down
0.010921148,0.01041598,0.011211847,0.011023744,6.24E-04,0.010060233,up
0.011139623,0.010510911,0.011242521,0.01097176,6.77E-04,0.010245074,down
0.011294719,0.010712266,0.011466229,0.011128742,8.71E-04,0.01037539,down
0.011366857,0.010770724,0.011689937,0.011286754,7.88E-04,0.010434862,down
0.011644072,0.010991064,0.011806816,0.011383002,9.15E-04,0.010670231,down
0.011600274,0.011096488,0.012052207,0.011632114,9.48E-04,0.010629384,up
0.011549262,0.011152448,0.011736477,0.011590424,0.001163442,0.010581929,up
0.011343154,0.010916618,0.011750228,0.011542557,5.53E-04,0.010401392,up
0.011318421,0.010800702,0.011659792,0.011337194,7.47E-04,0.010376896,up
0.010691853,0.010726755,0.011091267,0.011315577,0.00144062,0.009834392,up
0.010760899,0.010170157,0.011116124,0.010686104,6.57E-04,0.009890637,down
0.010674334,0.010148173,0.011045256,0.010746324,6.94E-04,0.009812785,up
0.010840251,0.010292069,0.011100258,0.010674781,8.42E-04,0.009952876,down
0.010563036,0.010213626,0.010970158,0.01083691,8.33E-04,0.009711268,up
0.010628475,0.010048245,0.010946359,0.010560519,5.23E-04,0.009764163,down
0.010863438,0.010390998,0.011028862,0.010626914,9.37E-04,0.009962957,down
0.010799545,0.010278579,0.010921503,0.01086213,0.001037567,0.00990496,up
0.011209184,0.010823186,0.011090738,0.010791102,0.001955898,0.010253679,down
0.011312753,0.010926611,0.011626474,0.011189476,0.001033171,0.010338846,down
0.011517831,0.011071506,0.011693639,0.011273372,0.001085214,0.010511976,down
0.012486539,0.011810972,0.011395891,0.011509617,0.002483261,0.011339025,down
0.011575026,0.011982848,0.012003552,0.012478273,0.002246291,0.010554483,up
0.011149413,0.011189421,0.011529164,0.011564689,0.001604665,0.010186339,up
0.010339408,0.010993563,0.010750152,0.011141095,0.004091451,0.009488685,up
0.010425458,0.009881366,0.010659717,0.010335082,0.00157074,0.009559713,down
0.010175552,0.009913343,0.010516924,0.010415375,0.001431425,0.00934257,up
0.01038063,0.009831901,0.010540194,0.010179644,0.001090684,0.009515455,down
0.010439886,0.010135682,0.010686689,0.010324788,0.001942146,0.009562203,down
0.009909158,0.009990287,0.010216003,0.01047302,0.001732452,0.009104989,up
0.009686561,0.009338258,0.009978015,0.009905826,5.35E-04,0.008911758,up
0.009633488,0.009119416,0.009940995,0.00967164,6.79E-04,0.008863104,up
0.009792707,0.009346752,0.009973784,0.009623773,7.84E-04,0.00899634,down
0.010040036,0.009523624,0.010061046,0.00978899,0.001014008,0.009204785,down
0.009714901,0.009658527,0.010070566,0.01001803,0.001748297,0.008924021,up
0.009286196,0.009123913,0.009680796,0.009708698,0.001337571,0.008555201,up
0.009401617,0.008824129,0.009619977,0.009294368,5.15E-04,0.008650817,down
0.009019802,0.008832623,0.009392038,0.009396278,7.40E-04,0.008322444,up
0.008970851,0.008453397,0.009309006,0.009015403,4.67E-04,0.00827794,up
0.008855946,0.008432412,0.009246601,0.008974742,5.57E-04,0.008176637,up
0.009057417,0.008482875,0.009254005,0.008856877,6.08E-04,0.008346018,down
0.009193963,0.008630769,0.009392566,0.009051947,5.14E-04,0.008459645,down
0.009041443,0.008661746,0.009426942,0.0091904,6.22E-04,0.008326747,up
0.009099669,0.008526844,0.009326459,0.009033418,3.25E-04,0.008374141,down
0.009070298,0.008557322,0.009260351,0.009098784,7.45E-04,0.008346571,up
0.009302685,0.008814636,0.009427471,0.009067902,8.85E-04,0.008542015,down
0.009322781,0.008871095,0.009445453,0.009294368,0.001179726,0.008555877,down
0.009394403,0.009107924,0.009569735,0.009308265,0.001719964,0.00861412,down
0.008669933,0.008852608,0.009021835,0.009391646,0.001625728,0.007994932,up
0.008497833,0.00815811,0.008879043,0.008666955,7.15E-04,0.007845652,up
0.008447337,0.008009217,0.008803944,0.008498134,3.90E-04,0.00780001,up
0.008317489,0.007898797,0.008656392,0.008439459,4.38E-04,0.007686598,up
0.008306668,0.007819354,0.008661681,0.008314903,4.68E-04,0.007674642,up
0.008262355,0.007780882,0.008633122,0.008301006,4.85E-04,0.007634994,up
0.008270084,0.007755401,0.008592929,0.008254169,5.47E-04,0.00763816,down
0.008246382,0.007813858,0.008588698,0.008267036,0.00106952,0.007615508,up
0.007954739,0.007739412,0.008319508,0.008238213,8.61E-04,0.007364925,up
0.008094892,0.00757603,0.00830946,0.007949469,4.39E-04,0.007481319,down
0.008063976,0.007552547,0.008400953,0.008090496,3.47E-04,0.007452397,up
0.008020178,0.007565038,0.008337489,0.008056011,6.38E-04,0.007412749,up
0.008103652,0.007595516,0.0083835,0.008023585,4.98E-04,0.007481104,down
0.008102106,0.007636486,0.008377154,0.008103363,6.25E-04,0.007477078,up
0.007955254,0.007587522,0.008297296,0.00809976,7.38E-04,0.007350203,up
0.008333462,0.007851831,0.008238063,0.007952043,9.75E-04,0.007668741,down
0.00848289,0.007928775,0.008673845,0.008325712,4.98E-04,0.007792941,down
0.008686937,0.008120637,0.008806589,0.008487841,4.72E-04,0.007963398,down
0.00870188,0.008142121,0.00900121,0.008681366,5.01E-04,0.007973049,down
0.008695697,0.008157111,0.009049865,0.008697322,4.60E-04,0.007965396,up
0.008685392,0.008198081,0.00905198,0.008690631,6.70E-04,0.007954485,up
0.008687453,0.008178095,0.008999094,0.008682395,5.69E-04,0.007953563,up
0.008884801,0.008316995,0.009049336,0.008681881,4.85E-04,0.008117811,down
0.008784323,0.00836496,0.009164099,0.008879524,3.63E-04,0.008030001,up
0.008851824,0.008317495,0.009157752,0.008772467,4.93E-04,0.008085078,down
0.008595735,0.008314497,0.008965776,0.008848642,0.001012884,0.007866029,up
0.008528749,0.008078168,0.008901255,0.00859078,5.14E-04,0.007806342,up
0.008418997,0.008000224,0.008795483,0.00852284,5.30E-04,0.007711063,up
0.008478253,0.007973743,0.008794425,0.008416298,4.78E-04,0.007758733,down
0.008676632,0.008126633,0.008828272,0.008477032,5.84E-04,0.007923873,down
0.008631288,0.008167603,0.009016018,0.008665925,3.47E-04,0.007882565,up
0.008715277,0.008151115,0.00897794,0.00863247,3.45E-04,0.007951288,down
0.008680239,0.008203577,0.009057269,0.008707101,5.65E-04,0.007918648,up
0.008641594,0.008156111,0.00891289,0.008672616,9.04E-04,0.00788361,up
0.008909019,0.008450898,0.008964718,0.008644308,0.001020313,0.008106162,down
0.008947664,0.008409928,0.009232322,0.008887759,6.89E-04,0.008135852,down
0.008852339,0.008479378,0.009194244,0.008941802,7.57E-04,0.008052683,up
0.008926023,0.008469385,0.009166214,0.008846069,5.10E-04,0.008112463,down
0.009031138,0.008655751,0.009207994,0.008924817,7.10E-04,0.008198674,down
0.008692605,0.008579805,0.009029768,0.0090293,0.001031447,0.007910687,up
0.008304092,0.008221064,0.008622545,0.008693204,0.001099359,0.007580501,up
0.008643655,0.00808866,0.00865745,0.008304609,0.00112129,0.007863663,down
0.008777625,0.008226061,0.008806589,0.008630926,8.84E-04,0.007973878,down
0.008855431,0.008397937,0.009111213,0.008780188,7.70E-04,0.008036824,down
0.008573063,0.008427915,0.008913947,0.008849157,6.56E-04,0.00779663,up
0.008442184,0.008052686,0.008821926,0.008569677,4.06E-04,0.007683801,up
0.008627681,0.008214569,0.008808175,0.008422989,6.69E-04,0.007837231,down
0.00809953,0.008244048,0.008433213,0.00863247,0.001298797,0.007390558,up
0.008094377,0.007618499,0.008350711,0.008100275,6.74E-04,0.00738392,up
0.008268538,0.007741411,0.008331672,0.008102334,7.81E-04,0.007527667,down
0.007776971,0.007931773,0.008064597,0.008279389,0.001498285,0.007111915,up
0.008136629,0.007613503,0.007898006,0.007771899,0.001094296,0.007411858,down
0.008385504,0.0078943,0.008504609,0.008130127,4.66E-04,0.007617967,down
0.008629227,0.008081665,0.00869447,0.008381299,7.80E-04,0.007820757,down
0.008530295,0.008089659,0.008867408,0.008648426,5.95E-04,0.007735405,up
0.008610162,0.008161607,0.008882216,0.008531075,8.81E-04,0.007799734,down
0.008044396,0.008029703,0.008396722,0.008587177,9.28E-04,0.007321896,up
0.007940826,0.007584024,0.008274026,0.008039541,6.51E-04,0.007232396,up
0.007984624,0.007584024,0.008294652,0.007935058,5.10E-04,0.007266389,down
0.007953193,0.007482598,0.008215851,0.007974175,4.23E-04,0.007237836,up
0.008247927,0.007711932,0.008271911,0.007949469,7.37E-04,0.007482917,down
0.008008327,0.007749905,0.008376625,0.008242331,9.21E-04,0.007279267,up
0.007758421,0.007458115,0.008097915,0.007998365,8.27E-04,0.007067933,up
0.008051609,0.007515574,0.007974691,0.007758003,0.001210719,0.007310986,down
0.008628197,0.008113142,0.008275084,0.008037482,0.001188184,0.007791405,down
0.008658082,0.008152614,0.008883274,0.00863247,4.00E-04,0.007814333,down
0.008631803,0.008243049,0.008919236,0.008653058,5.67E-04,0.007789376,up
0.009027016,0.008450399,0.008844667,0.008628352,0.001091708,0.008117872,down
0.009081634,0.008571811,0.009195301,0.009020036,7.88E-04,0.008160963,down
0.009509824,0.008958032,0.009450212,0.009089005,0.001142232,0.008517089,down
0.009623698,0.009055962,0.009872772,0.009508996,6.55E-04,0.008609356,down
0.00990452,0.009355246,0.009997583,0.009627891,7.21E-04,0.008841651,down
0.009545893,0.009299286,0.009858493,0.0098909,7.04E-04,0.008538819,up
0.009573202,0.009028481,0.009814068,0.00953576,4.04E-04,0.008558674,down
0.009510339,0.009067453,0.00985532,0.009567671,8.51E-04,0.008503412,up
0.009202207,0.00898851,0.009513676,0.009499732,9.82E-04,0.008242533,up
0.009054325,0.00864276,0.009288381,0.009204811,8.40E-04,0.008116643,up
0.009220757,0.008702217,0.009371941,0.009047829,8.31E-04,0.008252829,down
0.008985279,0.008727699,0.009185253,0.009218193,8.45E-04,0.008053359,up
0.009493335,0.008922558,0.009271986,0.00897011,7.90E-04,0.008474613,down
0.009196024,0.008976019,0.009595649,0.009489438,5.53E-04,0.008223846,up
0.009278467,0.009105926,0.009502569,0.009192458,6.05E-04,0.008289005,down
0.009160471,0.008983014,0.009486704,0.009269663,9.59E-04,0.008187733,up
0.009221788,0.0087252,0.009042461,0.009149739,0.001384722,0.008236048,down
0.010206469,0.009615058,0.009447039,0.009118342,0.001561197,0.009053231,down
0.010273969,0.010129686,0.010377305,0.010206923,8.37E-04,0.009106894,down
0.009863299,0.009752459,0.010263071,0.010269716,6.54E-04,0.008761525,up
0.009951925,0.009375231,0.0100547,0.009861048,5.99E-04,0.008832584,down
0.009916887,0.009507635,0.01024033,0.00995009,6.54E-04,0.008800343,up
0.00965513,0.009477157,0.009683969,0.009907885,0.002092209,0.008579881,up
0.011159203,0.010531396,0.009749019,0.009669581,0.002271586,0.009828368,down
0.011444147,0.010882643,0.011573588,0.011172491,7.82E-04,0.010062569,down
0.01119115,0.01096958,0.011643398,0.011434471,7.83E-04,0.009849053,up
0.010971645,0.010590853,0.011395362,0.011218299,3.82E-04,0.009663383,up
0.011126741,0.01058136,0.011394304,0.010986172,8.29E-04,0.009789765,down
0.011625522,0.010989066,0.011624888,0.011164256,0.001198239,0.010200938,down
0.011729092,0.011118472,0.011998792,0.011627997,0.001247056,0.010284046,down
0.011491552,0.011133462,0.011898309,0.01173248,0.001304892,0.010083469,up
0.011406017,0.011265866,0.011857586,0.011494691,0.002723083,0.010008967,up
0.010630536,0.010899131,0.011019342,0.011384031,0.002362626,0.009361872,up
0.01071401,0.010157666,0.010949004,0.010598606,8.06E-04,0.009427952,down
0.010500688,0.010157167,0.01082049,0.010696913,6.28E-04,0.009247968,up
0.010671242,0.010145175,0.010814144,0.010514711,0.001093255,0.009386183,down
0.010523875,0.010348029,0.010537021,0.010692795,0.00161274,0.009261153,up
0.0110005,0.010475936,0.010714718,0.010533754,0.001616121,0.009653486,down
0.010642902,0.01055438,0.010716305,0.010976907,0.001996954,0.009353451,up
0.009885971,0.010079722,0.010195377,0.010666546,0.001577641,0.00872286,up
0.009572687,0.009348251,0.009540647,0.009870312,9.38E-04,0.008460721,up
0.009533526,0.009000002,0.009728393,0.009564583,4.65E-04,0.008425407,up
0.008653445,0.009097931,0.009038759,0.009542451,0.001726487,0.007693452,up
0.008699819,0.008151615,0.008923467,0.008646881,4.51E-04,0.007729166,down
0.008779686,0.008233056,0.008990632,0.00870041,3.62E-04,0.007792511,down
0.008785354,0.008261036,0.009036643,0.008765776,4.76E-04,0.007794755,down
0.008630773,0.008271528,0.008826157,0.008773496,5.68E-04,0.007664162,up
0.009070814,0.008585301,0.008901784,0.00862372,6.99E-04,0.008025698,down
0.009030107,0.009031479,0.009395211,0.009063785,3.95E-04,0.007989277,up
0.008849763,0.008620776,0.009190013,0.009025182,8.82E-04,0.007837231,up
0.008651899,0.008399436,0.008993805,0.008845039,6.47E-04,0.007670616,up
0.009031653,0.008478379,0.008821926,0.008641734,9.37E-04,0.007981286,down
0.008497833,0.008554823,0.008820339,0.009016433,0.00102799,0.007537748,up
0.008569971,0.008242049,0.008646344,0.008513575,0.001061156,0.007594578,down
0.009739119,0.009545608,0.008575477,0.008564015,0.002252474,0.008556737,down
0.008606555,0.009255817,0.008990632,0.00972208,0.001966381,0.007619073,up
0.007907849,0.008279023,0.008235948,0.008595412,0.001673232,0.007040087,up
0.007765635,0.007376674,0.008042914,0.007891823,5.18E-04,0.006920712,up
0.007792429,0.00743713,0.008067241,0.007759547,6.02E-04,0.006940321,down
0.007820768,0.007357188,0.007922334,0.007793002,7.66E-04,0.006961252,down
0.007981017,0.00746561,0.008011711,0.007806899,0.001045953,0.007090462,down
0.008202584,0.007738413,0.008226429,0.007976748,5.99E-04,0.007270876,down
0.007941857,0.007781382,0.008307344,0.008200126,7.86E-04,0.007053334,up
0.007647638,0.007791874,0.007969931,0.007918073,9.05E-04,0.006808099,up
0.008201038,0.008236553,0.007890073,0.00765249,8.25E-04,0.007261072,down
0.008193309,0.007769391,0.008228015,0.008153803,9.96E-04,0.007251759,down
0.008705487,0.008563817,0.008406241,0.008175421,0.001590981,0.007671016,down
0.008140751,0.008374953,0.008309989,0.008739527,0.001164285,0.007203536,up
0.007645061,0.007844836,0.007746752,0.00815998,0.001102048,0.00679307,up
0.008138175,0.007941266,0.007974162,0.007670504,8.60E-04,0.007195791,down
0.008464341,0.008408429,0.008478166,0.008132186,9.96E-04,0.007461495,down
0.008494226,0.008201578,0.008206861,0.00849659,0.001231459,0.007482948,up
0.010040036,0.009592075,0.008542158,0.008517178,0.001740679,0.00874963,down
0.010546032,0.010038752,0.00979027,0.010039132,0.001742642,0.009161971,down
0.009562381,0.011732529,0.009971669,0.010553313,0.004360097,0.008351919,up
0.009215604,0.009018988,0.00943276,0.00953679,0.001288901,0.008065008,up
0.008460734,0.008676236,0.00869923,0.009234663,9.20E-04,0.007443146,up
0.008502986,0.008008218,0.008444319,0.008464165,9.13E-04,0.007475479,down
0.008183519,0.008117139,0.008509369,0.008491443,0.001287302,0.00721125,up
0.007362178,0.007655972,0.007704443,0.008156377,0.001135444,0.00653508,up
0.007441014,0.007028925,0.007383953,0.007353967,8.89E-04,0.006597749,down
0.007366816,0.007103371,0.007498716,0.007536684,6.63E-04,0.006534742,up
0.006778377,0.007201301,0.006821246,0.007304041,0.001142177,0.006050112,up
0.007179257,0.006853552,0.006840813,0.006733759,8.65E-04,0.006376518,down
0.007243151,0.007346196,0.007099426,0.00718875,0.001491866,0.006426462,down
0.005585527,0.007719926,0.005889922,0.007278307,0.003310493,0.005066899,up
0.008006781,0.007461113,0.005604866,0.005644664,0.003976034,0.007046818,down
0.010248206,0.009679012,0.008164552,0.008102848,0.002935898,0.008878687,down
0.010184312,0.00987487,0.010559762,0.010261481,6.72E-04,0.008823149,up
0.010620231,0.010246602,0.0105513,0.010151336,6.44E-04,0.009176571,down
0.011274108,0.010670796,0.011023573,0.010621767,5.20E-04,0.009708379,down
0.011020595,0.010819688,0.011370506,0.011425207,6.65E-04,0.009497967,up
0.011626038,0.010970579,0.011457768,0.011061832,7.18E-04,0.009989604,down
0.011211245,0.011201413,0.011505365,0.011627482,9.23E-04,0.009647216,up
0.010620231,0.010641817,0.010956408,0.011208005,8.55E-04,0.009161234,up
0.010129178,0.010181649,0.010553416,0.010604782,0.001724343,0.00875713,up
0.010957217,0.010625828,0.010158357,0.010075676,0.002213742,0.009429182,down
0.012693677,0.012020821,0.011399593,0.010944996,0.001266739,0.010842562,down
0.012654001,0.012055296,0.013117333,0.012692387,2.10E-04,0.010806295,up
0.012981713,0.01228513,0.013140602,0.01265224,2.17E-04,0.011069418,down
0.012490661,0.012272639,0.012940164,0.012957969,4.65E-04,0.010665744,up
0.012583925,0.012003833,0.01289574,0.012471582,4.06E-04,0.010737848,down
0.012840529,0.012276636,0.013051225,0.012570919,3.96E-04,0.010943035,down
0.012761177,0.012264645,0.012986175,0.012806134,3.70E-04,0.01087425,up
0.013349616,0.012708325,0.013068148,0.012735106,5.17E-04,0.011349813,down
0.012915243,0.012833734,0.013279693,0.013355829,5.69E-04,0.010992365,up
0.013077038,0.01239655,0.013297145,0.012897235,2.95E-04,0.011119915,down
0.013699999,0.012999614,0.013529844,0.013078408,5.13E-04,0.011623324,down
0.013578396,0.013077058,0.013965625,0.013698101,5.75E-04,0.011520208,up
0.013014175,0.012968637,0.01348066,0.013560163,8.16E-04,0.011057339,up
0.013450609,0.012744299,0.013399744,0.012991425,5.18E-04,0.011409039,down
0.012836407,0.012778774,0.01324849,0.013460827,7.55E-04,0.010906307,up
0.012504573,0.012189699,0.012758236,0.012837016,8.79E-04,0.010633318,up
0.012948221,0.012448512,0.012623905,0.012505552,0.001523412,0.01099049,down
0.013312516,0.012960143,0.013201421,0.012936867,0.001456079,0.01128321,down
0.014281739,0.013555213,0.013831294,0.013311565,0.00117489,0.012066923,down
0.014574928,0.013852498,0.014776369,0.014252943,6.04E-04,0.012301093,down
0.014336358,0.013927944,0.014802283,0.014576172,4.01E-04,0.012103497,up
0.014627486,0.013880978,0.014864159,0.014357426,3.70E-04,0.012335854,down
0.014547619,0.013910956,0.015006952,0.014623009,5.93E-04,0.012267469,up
0.014213208,0.014329654,0.014450062,0.014518526,0.0012406,0.011992144,up
0.014618211,0.013880978,0.014852525,0.014305442,5.69E-04,0.012316891,down
0.015117507,0.014415092,0.014777426,0.014606539,0.001260912,0.012717706,down
0.015790965,0.015062625,0.015673316,0.015105278,6.73E-04,0.013258857,down
0.015784782,0.015075615,0.01627516,0.015784161,1.52E-04,0.013249821,up
0.015883714,0.015183537,0.016151935,0.015768206,1.74E-04,0.013326044,down
0.015506536,0.015220511,0.015877985,0.015874233,5.17E-04,0.013016389,up
0.015830126,0.01519353,0.015983758,0.015501079,4.90E-04,0.013273979,down
0.016139288,0.015412372,0.016332277,0.015779529,4.40E-04,0.013520935,down
0.016012016,0.015462836,0.016517907,0.016103787,3.99E-04,0.013413516,up
0.015960489,0.01544385,0.016454973,0.01599776,3.74E-04,0.013368028,up
0.015819305,0.01538739,0.016277275,0.015935997,2.66E-04,0.013249268,up
0.015852282,0.015640707,0.016215399,0.015804235,5.25E-04,0.013271459,down
0.015502929,0.015402879,0.015491388,0.015853645,8.43E-04,0.012984916,up
0.015561155,0.014960698,0.016011258,0.015504682,2.47E-04,0.013027915,down
0.015845584,0.015146065,0.015881159,0.015437772,6.60E-04,0.013253633,down
0.015890412,0.015995451,0.016355018,0.015797029,9.47E-04,0.013285874,down
0.015378234,0.015621221,0.015926112,0.015876807,0.001177625,0.012868215,up
0.014668707,0.014803812,0.015212679,0.015396596,5.16E-04,0.012291503,up
0.014587294,0.014503528,0.015091041,0.014642567,5.21E-04,0.012222012,up
0.014910884,0.01415578,0.014733002,0.014536025,0.001132319,0.012479387,down
0.016066635,0.015361909,0.015403069,0.014895797,9.39E-04,0.013407523,down
0.015736347,0.015584748,0.016308478,0.016065185,6.74E-04,0.013137085,up
0.016452057,0.015880534,0.016161455,0.015789308,0.001231841,0.013709464,down
0.016480912,0.016769892,0.016498868,0.016417751,0.001621818,0.01372855,down
0.015779114,0.015800592,0.016345498,0.016441942,3.80E-04,0.013158846,up
0.017063167,0.016536561,0.016155637,0.015837175,5.40E-04,0.014188868,down
0.018030329,0.017222066,0.016884407,0.016953549,0.001121374,0.014962684,down
0.018486343,0.019112701,0.017748037,0.018133231,0.002352843,0.015325296,down
0.015431822,0.017745188,0.015995921,0.018278375,0.001800709,0.012862283,up
0.01532207,0.014826795,0.015771156,0.015402772,5.45E-04,0.012770447,up
0.015136572,0.015002168,0.01544432,0.015363141,0.001157489,0.012617448,up
0.014266797,0.014443072,0.014740406,0.015174762,8.96E-04,0.011913586,up
0.014100364,0.013613671,0.014629345,0.014260149,2.38E-04,0.011776108,up
0.014495576,0.013898465,0.014609777,0.014102137,5.86E-04,0.012089451,down
0.013961757,0.013910457,0.01443208,0.014455733,6.69E-04,0.011656487,up
0.01350935,0.013430803,0.014022742,0.013951331,7.11E-04,0.011289757,up
0.013327975,0.012851221,0.01372658,0.013488106,5.37E-04,0.011139893,up
0.013246047,0.012962641,0.013747734,0.013336785,4.23E-04,0.011069817,up
0.01327181,0.01271532,0.013491237,0.013251346,2.41E-04,0.011086875,down
0.01392002,0.013288905,0.013513978,0.01324414,5.80E-04,0.01160267,down
0.014247732,0.013664634,0.014364386,0.013891112,4.06E-04,0.011860506,down
0.01376853,0.013807531,0.014254912,0.014250884,0.00114607,0.011471862,up
0.014870178,0.014153281,0.014269191,0.0137506,6.43E-04,0.012350699,down
0.014670253,0.014260704,0.015186236,0.014884474,2.09E-04,0.012187035,up
0.01475115,0.014193252,0.015034453,0.01464617,4.27E-04,0.012247184,down
0.014375518,0.014222731,0.014723483,0.014734183,3.53E-04,0.011942968,up
0.014948499,0.014254708,0.014667952,0.014351764,6.41E-04,0.012397693,down
0.014947468,0.014479046,0.015219554,0.014922047,5.34E-04,0.012392468,down
0.016203181,0.015513299,0.015385616,0.01492565,9.90E-04,0.013393016,down
0.016366007,0.015689672,0.016750077,0.016199006,3.68E-04,0.013518445,down
0.016175357,0.015893025,0.016674979,0.016369885,4.75E-04,0.013361543,up
0.016526256,0.015764618,0.016538533,0.01618305,5.69E-04,0.013638066,down
0.01663034,0.015957479,0.016972727,0.016527896,1.28E-04,0.013717393,down
0.016255739,0.016018435,0.01657661,0.016625174,3.59E-04,0.013412778,up
0.016192876,0.015534784,0.016387278,0.016229888,4.51E-04,0.013358439,up
0.016798833,0.016200803,0.016264583,0.016168124,0.001012339,0.013838059,down
0.017130152,0.01637168,0.017094894,0.016796567,9.40E-04,0.014098262,down
0.016653012,0.016844838,0.017229753,0.017110531,0.001494824,0.013713275,up
0.015943485,0.01612186,0.016044048,0.01657216,0.001357644,0.013142402,up
0.015154607,0.015232502,0.015369221,0.015961731,6.16E-04,0.012508585,up
0.015090198,0.014620944,0.015359173,0.015125351,4.40E-04,0.012453538,up
0.015261783,0.015014659,0.015201044,0.015087264,0.00171188,0.012585791,down
0.014646551,0.015397383,0.014922334,0.015265863,0.003388838,0.012091357,up
0.013789656,0.013979907,0.01383817,0.014643597,0.002176289,0.011404583,up
0.013504197,0.013224952,0.013483304,0.013781482,0.001944038,0.011174101,up
0.012979137,0.013518739,0.012535586,0.013467003,0.00319464,0.010751648,up